SiteCode,Plot,Competition,Rodents,Trt,Species,Fecundity,SeedSize_mg,Graminoid,Litterdepth,Year,numb,prec1,prod_m2
BM,289,-,+,-+,ACMI,1277,0.0884,40,13,Seedlings,58,0.045418951,476
BM,289,-,+,-+,ACMI,1277,0.0884,40,13,Adults_Y3,11,0.008613939,476
BM,289,-,+,-+,ANMI,1244,0.0441,40,13,Seedlings,1,0.000803565,476
BM,289,-,+,-+,ANMI,1244,0.0441,40,13,Adults_Y3,0,0,476
BM,289,-,+,-+,ARLU,4919,0.14,40,13,Seedlings,12,0.002439539,476
BM,289,-,+,-+,ARLU,4919,0.14,40,13,Adults_Y3,1,0.000203295,476
BM,289,-,+,-+,ARSO,59,0.752,40,13,Seedlings,0,0,476
BM,289,-,+,-+,ARSO,59,0.752,40,13,Adults_Y3,0,0,476
BM,289,-,+,-+,BASA,150,8.328,40,13,Seedlings,0,0,476
BM,289,-,+,-+,BASA,150,8.328,40,13,Adults_Y3,0,0,476
BM,289,-,+,-+,ERPU,6629,0.0689,40,13,Seedlings,39,0.005883356,476
BM,289,-,+,-+,ERPU,6629,0.0689,40,13,Adults_Y3,6,0.000905132,476
BM,289,-,+,-+,ERUM,494,2.164286,40,13,Seedlings,164,0.332198995,476
BM,289,-,+,-+,ERUM,494,2.164286,40,13,Adults_Y3,25,0.050640091,476
BM,289,-,+,-+,GAAR,230,3.92,40,13,Seedlings,4,0.017391304,476
BM,289,-,+,-+,GAAR,230,3.92,40,13,Adults_Y3,0,0,476
BM,289,-,+,-+,GETR,127,1.354558,40,13,Seedlings,3,0.023670054,476
BM,289,-,+,-+,GETR,127,1.354558,40,13,Adults_Y3,0,0,476
BM,289,-,+,-+,GEVI,36,8.68,40,13,Seedlings,1,0.028068784,476
BM,289,-,+,-+,GEVI,36,8.68,40,13,Adults_Y3,1,0.028068784,476
BM,289,-,+,-+,HEVI,5177,0.581626,40,13,Seedlings,88,0.016997743,476
BM,289,-,+,-+,HEVI,5177,0.581626,40,13,Adults_Y3,1,0.000193156,476
BM,289,-,+,-+,LIRU,138,31.084,40,13,Seedlings,1,0.007246377,476
BM,289,-,+,-+,LIRU,138,31.084,40,13,Adults_Y3,2,0.014492754,476
BM,289,-,+,-+,LOTR,37,3.652,40,13,Seedlings,1,0.026785714,476
BM,289,-,+,-+,LOTR,37,3.652,40,13,Adults_Y3,0,0,476
BM,289,-,+,-+,LUSE,78,20.92,40,13,Seedlings,2,0.025641026,476
BM,289,-,+,-+,LUSE,78,20.92,40,13,Adults_Y3,0,0,476
BM,289,-,+,-+,PEPR,926,0.046,40,13,Seedlings,1,0.001079501,476
BM,289,-,+,-+,PEPR,926,0.046,40,13,Adults_Y3,0,0,476
BM,289,-,+,-+,POGL,12587,0.0956,40,13,Seedlings,75,0.005958612,476
BM,289,-,+,-+,POGL,12587,0.0956,40,13,Adults_Y3,0,0,476
BM,289,-,+,-+,ZIVE,290,1.375,40,13,Seedlings,15,0.051695991,476
BM,289,-,+,-+,ZIVE,290,1.375,40,13,Adults_Y3,7,0.024124796,476
BM,294,+,+,++,ACMI,1277,0.0884,80,108,Seedlings,11,0.008613939,476
BM,294,+,+,++,ACMI,1277,0.0884,80,108,Adults_Y3,0,0,476
BM,294,+,+,++,ANMI,1244,0.0441,80,108,Seedlings,0,0,476
BM,294,+,+,++,ANMI,1244,0.0441,80,108,Adults_Y3,0,0,476
BM,294,+,+,++,ARLU,4919,0.14,80,108,Seedlings,17,0.003456014,476
BM,294,+,+,++,ARLU,4919,0.14,80,108,Adults_Y3,0,0,476
BM,294,+,+,++,ARSO,59,0.752,80,108,Seedlings,0,0,476
BM,294,+,+,++,ARSO,59,0.752,80,108,Adults_Y3,0,0,476
BM,294,+,+,++,BASA,150,8.328,80,108,Seedlings,2,0.013333333,476
BM,294,+,+,++,BASA,150,8.328,80,108,Adults_Y3,1,0.006666667,476
BM,294,+,+,++,ERPU,6629,0.0689,80,108,Seedlings,2,0.000301711,476
BM,294,+,+,++,ERPU,6629,0.0689,80,108,Adults_Y3,0,0,476
BM,294,+,+,++,ERUM,494,2.164286,80,108,Seedlings,31,0.062793713,476
BM,294,+,+,++,ERUM,494,2.164286,80,108,Adults_Y3,3,0.006076811,476
BM,294,+,+,++,GAAR,230,3.92,80,108,Seedlings,1,0.004347826,476
BM,294,+,+,++,GAAR,230,3.92,80,108,Adults_Y3,0,0,476
BM,294,+,+,++,GETR,127,1.354558,80,108,Seedlings,1,0.007890018,476
BM,294,+,+,++,GETR,127,1.354558,80,108,Adults_Y3,0,0,476
BM,294,+,+,++,GEVI,36,8.68,80,108,Seedlings,6,0.168412706,476
BM,294,+,+,++,GEVI,36,8.68,80,108,Adults_Y3,1,0.028068784,476
BM,294,+,+,++,HEVI,5177,0.581626,80,108,Seedlings,89,0.017190899,476
BM,294,+,+,++,HEVI,5177,0.581626,80,108,Adults_Y3,5,0.000965781,476
BM,294,+,+,++,LIRU,138,31.084,80,108,Seedlings,4,0.028985507,476
BM,294,+,+,++,LIRU,138,31.084,80,108,Adults_Y3,2,0.014492754,476
BM,294,+,+,++,LOTR,37,3.652,80,108,Seedlings,1,0.026785714,476
BM,294,+,+,++,LOTR,37,3.652,80,108,Adults_Y3,0,0,476
BM,294,+,+,++,LUSE,78,20.92,80,108,Seedlings,8,0.102564103,476
BM,294,+,+,++,LUSE,78,20.92,80,108,Adults_Y3,4,0.051282051,476
BM,294,+,+,++,PEPR,926,0.046,80,108,Seedlings,2,0.002159001,476
BM,294,+,+,++,PEPR,926,0.046,80,108,Adults_Y3,0,0,476
BM,294,+,+,++,POGL,12587,0.0956,80,108,Seedlings,5,0.000397241,476
BM,294,+,+,++,POGL,12587,0.0956,80,108,Adults_Y3,0,0,476
BM,294,+,+,++,ZIVE,290,1.375,80,108,Seedlings,0,0,476
BM,294,+,+,++,ZIVE,290,1.375,80,108,Adults_Y3,0,0,476
BM,298,+,-,+-,ACMI,1277,0.0884,80,104,Seedlings,45,0.035238841,476
BM,298,+,-,+-,ACMI,1277,0.0884,80,104,Adults_Y3,6,0.004698512,476
BM,298,+,-,+-,ANMI,1244,0.0441,80,104,Seedlings,1,0.000803565,476
BM,298,+,-,+-,ANMI,1244,0.0441,80,104,Adults_Y3,0,0,476
BM,298,+,-,+-,ARLU,4919,0.14,80,104,Seedlings,111,0.022565739,476
BM,298,+,-,+-,ARLU,4919,0.14,80,104,Adults_Y3,2,0.00040659,476
BM,298,+,-,+-,ARSO,59,0.752,80,104,Seedlings,4,0.067460317,476
BM,298,+,-,+-,ARSO,59,0.752,80,104,Adults_Y3,2,0.033730159,476
BM,298,+,-,+-,BASA,150,8.328,80,104,Seedlings,31,0.206666667,476
BM,298,+,-,+-,BASA,150,8.328,80,104,Adults_Y3,25,0.166666667,476
BM,298,+,-,+-,ERPU,6629,0.0689,80,104,Seedlings,6,0.000905132,476
BM,298,+,-,+-,ERPU,6629,0.0689,80,104,Adults_Y3,0,0,476
BM,298,+,-,+-,ERUM,494,2.164286,80,104,Seedlings,241,0.488170475,476
BM,298,+,-,+-,ERUM,494,2.164286,80,104,Adults_Y3,78,0.157997083,476
BM,298,+,-,+-,GAAR,230,3.92,80,104,Seedlings,59,0.256521739,476
BM,298,+,-,+-,GAAR,230,3.92,80,104,Adults_Y3,44,0.191304348,476
BM,298,+,-,+-,GETR,127,1.354558,80,104,Seedlings,9,0.071010161,476
BM,298,+,-,+-,GETR,127,1.354558,80,104,Adults_Y3,6,0.047340108,476
BM,298,+,-,+-,GEVI,36,8.68,80,104,Seedlings,9,0.252619059,476
BM,298,+,-,+-,GEVI,36,8.68,80,104,Adults_Y3,7,0.19648149,476
BM,298,+,-,+-,HEVI,5177,0.581626,80,104,Seedlings,125,0.024144521,476
BM,298,+,-,+-,HEVI,5177,0.581626,80,104,Adults_Y3,2,0.000386312,476
BM,298,+,-,+-,LIRU,138,31.084,80,104,Seedlings,41,0.297101449,476
BM,298,+,-,+-,LIRU,138,31.084,80,104,Adults_Y3,33,0.239130435,476
BM,298,+,-,+-,LOTR,37,3.652,80,104,Seedlings,5,0.133928571,476
BM,298,+,-,+-,LOTR,37,3.652,80,104,Adults_Y3,4,0.107142857,476
BM,298,+,-,+-,LUSE,78,20.92,80,104,Seedlings,43,0.551282051,476
BM,298,+,-,+-,LUSE,78,20.92,80,104,Adults_Y3,22,0.282051282,476
BM,298,+,-,+-,PEPR,926,0.046,80,104,Seedlings,17,0.018351512,476
BM,298,+,-,+-,PEPR,926,0.046,80,104,Adults_Y3,0,0,476
BM,298,+,-,+-,POGL,12587,0.0956,80,104,Seedlings,265,0.021053763,476
BM,298,+,-,+-,POGL,12587,0.0956,80,104,Adults_Y3,68,0.005402475,476
BM,298,+,-,+-,ZIVE,290,1.375,80,104,Seedlings,69,0.23780156,476
BM,298,+,-,+-,ZIVE,290,1.375,80,104,Adults_Y3,14,0.048249592,476
BM,307,-,-,--,ACMI,1277,0.0884,15,33,Seedlings,254,0.198903681,476
BM,307,-,-,--,ACMI,1277,0.0884,15,33,Adults_Y3,110,0.086139389,476
BM,307,-,-,--,ANMI,1244,0.0441,15,33,Seedlings,34,0.027321207,476
BM,307,-,-,--,ANMI,1244,0.0441,15,33,Adults_Y3,4,0.00321426,476
BM,307,-,-,--,ARLU,4919,0.14,15,33,Seedlings,142,0.028867883,476
BM,307,-,-,--,ARLU,4919,0.14,15,33,Adults_Y3,8,0.00162636,476
BM,307,-,-,--,ARSO,59,0.752,15,33,Seedlings,6,0.101190476,476
BM,307,-,-,--,ARSO,59,0.752,15,33,Adults_Y3,0,0,476
BM,307,-,-,--,BASA,150,8.328,15,33,Seedlings,21,0.14,476
BM,307,-,-,--,BASA,150,8.328,15,33,Adults_Y3,8,0.053333333,476
BM,307,-,-,--,ERPU,6629,0.0689,15,33,Seedlings,215,0.032433886,476
BM,307,-,-,--,ERPU,6629,0.0689,15,33,Adults_Y3,57,0.008598751,476
BM,307,-,-,--,ERUM,494,2.164286,15,33,Seedlings,330,0.668449198,476
BM,307,-,-,--,ERUM,494,2.164286,15,33,Adults_Y3,156,0.315994166,476
BM,307,-,-,--,GAAR,230,3.92,15,33,Seedlings,106,0.460869565,476
BM,307,-,-,--,GAAR,230,3.92,15,33,Adults_Y3,15,0.065217391,476
BM,307,-,-,--,GETR,127,1.354558,15,33,Seedlings,25,0.197250448,476
BM,307,-,-,--,GETR,127,1.354558,15,33,Adults_Y3,7,0.055230126,476
BM,307,-,-,--,GEVI,36,8.68,15,33,Seedlings,6,0.168412706,476
BM,307,-,-,--,GEVI,36,8.68,15,33,Adults_Y3,1,0.028068784,476
BM,307,-,-,--,HEVI,5177,0.581626,15,33,Seedlings,477,0.092135494,476
BM,307,-,-,--,HEVI,5177,0.581626,15,33,Adults_Y3,99,0.019122461,476
BM,307,-,-,--,LIRU,138,31.084,15,33,Seedlings,54,0.391304348,476
BM,307,-,-,--,LIRU,138,31.084,15,33,Adults_Y3,43,0.311594203,476
BM,307,-,-,--,LOTR,37,3.652,15,33,Seedlings,4,0.107142857,476
BM,307,-,-,--,LOTR,37,3.652,15,33,Adults_Y3,0,0,476
BM,307,-,-,--,LUSE,78,20.92,15,33,Seedlings,45,0.576923077,476
BM,307,-,-,--,LUSE,78,20.92,15,33,Adults_Y3,30,0.384615385,476
BM,307,-,-,--,PEPR,926,0.046,15,33,Seedlings,119,0.128460587,476
BM,307,-,-,--,PEPR,926,0.046,15,33,Adults_Y3,0,0,476
BM,307,-,-,--,POGL,12587,0.0956,15,33,Seedlings,766,0.060857292,476
BM,307,-,-,--,POGL,12587,0.0956,15,33,Adults_Y3,278,0.022086589,476
BM,307,-,-,--,ZIVE,290,1.375,15,33,Seedlings,91,0.313622347,476
BM,307,-,-,--,ZIVE,290,1.375,15,33,Adults_Y3,17,0.05858879,476
BN,244,-,+,-+,ACMI,1277,0.0884,10,6.083333333,Seedlings,13,0.01018011,338.4
BN,244,-,+,-+,ACMI,1277,0.0884,10,6.083333333,Adults_Y3,6,0.004698512,338.4
BN,244,-,+,-+,ANMI,1244,0.0441,10,6.083333333,Seedlings,0,0,338.4
BN,244,-,+,-+,ANMI,1244,0.0441,10,6.083333333,Adults_Y3,0,0,338.4
BN,244,-,+,-+,ARLU,4919,0.14,10,6.083333333,Seedlings,10,0.00203295,338.4
BN,244,-,+,-+,ARLU,4919,0.14,10,6.083333333,Adults_Y3,2,0.00040659,338.4
BN,244,-,+,-+,ARSO,59,0.752,10,6.083333333,Seedlings,2,0.033730159,338.4
BN,244,-,+,-+,ARSO,59,0.752,10,6.083333333,Adults_Y3,0,0,338.4
BN,244,-,+,-+,BASA,150,8.328,10,6.083333333,Seedlings,2,0.013333333,338.4
BN,244,-,+,-+,BASA,150,8.328,10,6.083333333,Adults_Y3,0,0,338.4
BN,244,-,+,-+,ERPU,6629,0.0689,10,6.083333333,Seedlings,4,0.000603421,338.4
BN,244,-,+,-+,ERPU,6629,0.0689,10,6.083333333,Adults_Y3,4,0.000603421,338.4
BN,244,-,+,-+,ERUM,494,2.164286,10,6.083333333,Seedlings,29,0.058742505,338.4
BN,244,-,+,-+,ERUM,494,2.164286,10,6.083333333,Adults_Y3,9,0.018230433,338.4
BN,244,-,+,-+,GAAR,230,3.92,10,6.083333333,Seedlings,4,0.017391304,338.4
BN,244,-,+,-+,GAAR,230,3.92,10,6.083333333,Adults_Y3,2,0.008695652,338.4
BN,244,-,+,-+,GETR,127,1.354558,10,6.083333333,Seedlings,3,0.023670054,338.4
BN,244,-,+,-+,GETR,127,1.354558,10,6.083333333,Adults_Y3,1,0.007890018,338.4
BN,244,-,+,-+,GEVI,36,8.68,10,6.083333333,Seedlings,2,0.056137569,338.4
BN,244,-,+,-+,GEVI,36,8.68,10,6.083333333,Adults_Y3,0,0,338.4
BN,244,-,+,-+,HEVI,5177,0.581626,10,6.083333333,Seedlings,141,0.02723502,338.4
BN,244,-,+,-+,HEVI,5177,0.581626,10,6.083333333,Adults_Y3,22,0.004249436,338.4
BN,244,-,+,-+,LIRU,138,31.084,10,6.083333333,Seedlings,10,0.072463768,338.4
BN,244,-,+,-+,LIRU,138,31.084,10,6.083333333,Adults_Y3,4,0.028985507,338.4
BN,244,-,+,-+,LOTR,37,3.652,10,6.083333333,Seedlings,1,0.026785714,338.4
BN,244,-,+,-+,LOTR,37,3.652,10,6.083333333,Adults_Y3,0,0,338.4
BN,244,-,+,-+,LUSE,78,20.92,10,6.083333333,Seedlings,7,0.08974359,338.4
BN,244,-,+,-+,LUSE,78,20.92,10,6.083333333,Adults_Y3,1,0.012820513,338.4
BN,244,-,+,-+,PEPR,926,0.046,10,6.083333333,Seedlings,1,0.001079501,338.4
BN,244,-,+,-+,PEPR,926,0.046,10,6.083333333,Adults_Y3,0,0,338.4
BN,244,-,+,-+,POGL,12587,0.0956,10,6.083333333,Seedlings,6,0.000476689,338.4
BN,244,-,+,-+,POGL,12587,0.0956,10,6.083333333,Adults_Y3,1,7.94E-05,338.4
BN,244,-,+,-+,ZIVE,290,1.375,10,6.083333333,Seedlings,12,0.041356793,338.4
BN,244,-,+,-+,ZIVE,290,1.375,10,6.083333333,Adults_Y3,4,0.013785598,338.4
BN,246,+,+,++,ACMI,1277,0.0884,65,35.41666667,Seedlings,19,0.014878622,338.4
BN,246,+,+,++,ACMI,1277,0.0884,65,35.41666667,Adults_Y3,1,0.000783085,338.4
BN,246,+,+,++,ANMI,1244,0.0441,65,35.41666667,Seedlings,0,0,338.4
BN,246,+,+,++,ANMI,1244,0.0441,65,35.41666667,Adults_Y3,0,0,338.4
BN,246,+,+,++,ARLU,4919,0.14,65,35.41666667,Seedlings,44,0.008944978,338.4
BN,246,+,+,++,ARLU,4919,0.14,65,35.41666667,Adults_Y3,0,0,338.4
BN,246,+,+,++,ARSO,59,0.752,65,35.41666667,Seedlings,0,0,338.4
BN,246,+,+,++,ARSO,59,0.752,65,35.41666667,Adults_Y3,0,0,338.4
BN,246,+,+,++,BASA,150,8.328,65,35.41666667,Seedlings,0,0,338.4
BN,246,+,+,++,BASA,150,8.328,65,35.41666667,Adults_Y3,0,0,338.4
BN,246,+,+,++,ERPU,6629,0.0689,65,35.41666667,Seedlings,10,0.001508553,338.4
BN,246,+,+,++,ERPU,6629,0.0689,65,35.41666667,Adults_Y3,0,0,338.4
BN,246,+,+,++,ERUM,494,2.164286,65,35.41666667,Seedlings,143,0.289661319,338.4
BN,246,+,+,++,ERUM,494,2.164286,65,35.41666667,Adults_Y3,5,0.010128018,338.4
BN,246,+,+,++,GAAR,230,3.92,65,35.41666667,Seedlings,5,0.02173913,338.4
BN,246,+,+,++,GAAR,230,3.92,65,35.41666667,Adults_Y3,1,0.004347826,338.4
BN,246,+,+,++,GETR,127,1.354558,65,35.41666667,Seedlings,4,0.031560072,338.4
BN,246,+,+,++,GETR,127,1.354558,65,35.41666667,Adults_Y3,0,0,338.4
BN,246,+,+,++,GEVI,36,8.68,65,35.41666667,Seedlings,7,0.19648149,338.4
BN,246,+,+,++,GEVI,36,8.68,65,35.41666667,Adults_Y3,3,0.084206353,338.4
BN,246,+,+,++,HEVI,5177,0.581626,65,35.41666667,Seedlings,82,0.015838806,338.4
BN,246,+,+,++,HEVI,5177,0.581626,65,35.41666667,Adults_Y3,0,0,338.4
BN,246,+,+,++,LIRU,138,31.084,65,35.41666667,Seedlings,26,0.188405797,338.4
BN,246,+,+,++,LIRU,138,31.084,65,35.41666667,Adults_Y3,22,0.15942029,338.4
BN,246,+,+,++,LOTR,37,3.652,65,35.41666667,Seedlings,0,0,338.4
BN,246,+,+,++,LOTR,37,3.652,65,35.41666667,Adults_Y3,0,0,338.4
BN,246,+,+,++,LUSE,78,20.92,65,35.41666667,Seedlings,13,0.166666667,338.4
BN,246,+,+,++,LUSE,78,20.92,65,35.41666667,Adults_Y3,6,0.076923077,338.4
BN,246,+,+,++,PEPR,926,0.046,65,35.41666667,Seedlings,5,0.005397504,338.4
BN,246,+,+,++,PEPR,926,0.046,65,35.41666667,Adults_Y3,0,0,338.4
BN,246,+,+,++,POGL,12587,0.0956,65,35.41666667,Seedlings,155,0.012314465,338.4
BN,246,+,+,++,POGL,12587,0.0956,65,35.41666667,Adults_Y3,25,0.001986204,338.4
BN,246,+,+,++,ZIVE,290,1.375,65,35.41666667,Seedlings,0,0,338.4
BN,246,+,+,++,ZIVE,290,1.375,65,35.41666667,Adults_Y3,0,0,338.4
BN,251,-,-,--,ACMI,1277,0.0884,25,22.08333333,Seedlings,104,0.081440877,338.4
BN,251,-,-,--,ACMI,1277,0.0884,25,22.08333333,Adults_Y3,13,0.01018011,338.4
BN,251,-,-,--,ANMI,1244,0.0441,25,22.08333333,Seedlings,0,0,338.4
BN,251,-,-,--,ANMI,1244,0.0441,25,22.08333333,Adults_Y3,1,0.000803565,338.4
BN,251,-,-,--,ARLU,4919,0.14,25,22.08333333,Seedlings,12,0.002439539,338.4
BN,251,-,-,--,ARLU,4919,0.14,25,22.08333333,Adults_Y3,0,0,338.4
BN,251,-,-,--,ARSO,59,0.752,25,22.08333333,Seedlings,7,0.118055556,338.4
BN,251,-,-,--,ARSO,59,0.752,25,22.08333333,Adults_Y3,0,0,338.4
BN,251,-,-,--,BASA,150,8.328,25,22.08333333,Seedlings,14,0.093333333,338.4
BN,251,-,-,--,BASA,150,8.328,25,22.08333333,Adults_Y3,8,0.053333333,338.4
BN,251,-,-,--,ERPU,6629,0.0689,25,22.08333333,Seedlings,132,0.019912897,338.4
BN,251,-,-,--,ERPU,6629,0.0689,25,22.08333333,Adults_Y3,53,0.00799533,338.4
BN,251,-,-,--,ERUM,494,2.164286,25,22.08333333,Seedlings,190,0.38486469,338.4
BN,251,-,-,--,ERUM,494,2.164286,25,22.08333333,Adults_Y3,32,0.064819316,338.4
BN,251,-,-,--,GAAR,230,3.92,25,22.08333333,Seedlings,7,0.030434783,338.4
BN,251,-,-,--,GAAR,230,3.92,25,22.08333333,Adults_Y3,2,0.008695652,338.4
BN,251,-,-,--,GETR,127,1.354558,25,22.08333333,Seedlings,9,0.071010161,338.4
BN,251,-,-,--,GETR,127,1.354558,25,22.08333333,Adults_Y3,1,0.007890018,338.4
BN,251,-,-,--,GEVI,36,8.68,25,22.08333333,Seedlings,6,0.168412706,338.4
BN,251,-,-,--,GEVI,36,8.68,25,22.08333333,Adults_Y3,2,0.056137569,338.4
BN,251,-,-,--,HEVI,5177,0.581626,25,22.08333333,Seedlings,336,0.064900474,338.4
BN,251,-,-,--,HEVI,5177,0.581626,25,22.08333333,Adults_Y3,71,0.013714088,338.4
BN,251,-,-,--,LIRU,138,31.084,25,22.08333333,Seedlings,10,0.072463768,338.4
BN,251,-,-,--,LIRU,138,31.084,25,22.08333333,Adults_Y3,24,0.173913043,338.4
BN,251,-,-,--,LOTR,37,3.652,25,22.08333333,Seedlings,6,0.160714286,338.4
BN,251,-,-,--,LOTR,37,3.652,25,22.08333333,Adults_Y3,3,0.080357143,338.4
BN,251,-,-,--,LUSE,78,20.92,25,22.08333333,Seedlings,70,0.897435897,338.4
BN,251,-,-,--,LUSE,78,20.92,25,22.08333333,Adults_Y3,44,0.564102564,338.4
BN,251,-,-,--,PEPR,926,0.046,25,22.08333333,Seedlings,1,0.001079501,338.4
BN,251,-,-,--,PEPR,926,0.046,25,22.08333333,Adults_Y3,0,0,338.4
BN,251,-,-,--,POGL,12587,0.0956,25,22.08333333,Seedlings,109,0.00865985,338.4
BN,251,-,-,--,POGL,12587,0.0956,25,22.08333333,Adults_Y3,0,0,338.4
BN,251,-,-,--,ZIVE,290,1.375,25,22.08333333,Seedlings,40,0.137855977,338.4
BN,251,-,-,--,ZIVE,290,1.375,25,22.08333333,Adults_Y3,32,0.110284781,338.4
BN,253,+,-,+-,ACMI,1277,0.0884,80,18.18181818,Seedlings,24,0.018794049,338.4
BN,253,+,-,+-,ACMI,1277,0.0884,80,18.18181818,Adults_Y3,2,0.001566171,338.4
BN,253,+,-,+-,ANMI,1244,0.0441,80,18.18181818,Seedlings,0,0,338.4
BN,253,+,-,+-,ANMI,1244,0.0441,80,18.18181818,Adults_Y3,1,0.000803565,338.4
BN,253,+,-,+-,ARLU,4919,0.14,80,18.18181818,Seedlings,8,0.00162636,338.4
BN,253,+,-,+-,ARLU,4919,0.14,80,18.18181818,Adults_Y3,1,0.000203295,338.4
BN,253,+,-,+-,ARSO,59,0.752,80,18.18181818,Seedlings,1,0.016865079,338.4
BN,253,+,-,+-,ARSO,59,0.752,80,18.18181818,Adults_Y3,1,0.016865079,338.4
BN,253,+,-,+-,BASA,150,8.328,80,18.18181818,Seedlings,32,0.213333333,338.4
BN,253,+,-,+-,BASA,150,8.328,80,18.18181818,Adults_Y3,33,0.22,338.4
BN,253,+,-,+-,ERPU,6629,0.0689,80,18.18181818,Seedlings,6,0.000905132,338.4
BN,253,+,-,+-,ERPU,6629,0.0689,80,18.18181818,Adults_Y3,0,0,338.4
BN,253,+,-,+-,ERUM,494,2.164286,80,18.18181818,Seedlings,195,0.394992708,338.4
BN,253,+,-,+-,ERUM,494,2.164286,80,18.18181818,Adults_Y3,52,0.105331389,338.4
BN,253,+,-,+-,GAAR,230,3.92,80,18.18181818,Seedlings,4,0.017391304,338.4
BN,253,+,-,+-,GAAR,230,3.92,80,18.18181818,Adults_Y3,0,0,338.4
BN,253,+,-,+-,GETR,127,1.354558,80,18.18181818,Seedlings,13,0.102570233,338.4
BN,253,+,-,+-,GETR,127,1.354558,80,18.18181818,Adults_Y3,0,0,338.4
BN,253,+,-,+-,GEVI,36,8.68,80,18.18181818,Seedlings,9,0.252619059,338.4
BN,253,+,-,+-,GEVI,36,8.68,80,18.18181818,Adults_Y3,2,0.056137569,338.4
BN,253,+,-,+-,HEVI,5177,0.581626,80,18.18181818,Seedlings,164,0.031677612,338.4
BN,253,+,-,+-,HEVI,5177,0.581626,80,18.18181818,Adults_Y3,2,0.000386312,338.4
BN,253,+,-,+-,LIRU,138,31.084,80,18.18181818,Seedlings,20,0.144927536,338.4
BN,253,+,-,+-,LIRU,138,31.084,80,18.18181818,Adults_Y3,18,0.130434783,338.4
BN,253,+,-,+-,LOTR,37,3.652,80,18.18181818,Seedlings,4,0.107142857,338.4
BN,253,+,-,+-,LOTR,37,3.652,80,18.18181818,Adults_Y3,1,0.026785714,338.4
BN,253,+,-,+-,LUSE,78,20.92,80,18.18181818,Seedlings,39,0.5,338.4
BN,253,+,-,+-,LUSE,78,20.92,80,18.18181818,Adults_Y3,15,0.192307692,338.4
BN,253,+,-,+-,PEPR,926,0.046,80,18.18181818,Seedlings,0,0,338.4
BN,253,+,-,+-,PEPR,926,0.046,80,18.18181818,Adults_Y3,0,0,338.4
BN,253,+,-,+-,POGL,12587,0.0956,80,18.18181818,Seedlings,12,0.000953378,338.4
BN,253,+,-,+-,POGL,12587,0.0956,80,18.18181818,Adults_Y3,4,0.000317793,338.4
BN,253,+,-,+-,ZIVE,290,1.375,80,18.18181818,Seedlings,22,0.075820787,338.4
BN,253,+,-,+-,ZIVE,290,1.375,80,18.18181818,Adults_Y3,4,0.013785598,338.4
BU,313,+,+,++,ACMI,1277,0.0884,50,52.16666667,Seedlings,18,0.014095536,382
BU,313,+,+,++,ACMI,1277,0.0884,50,52.16666667,Adults_Y3,NA,NA,382
BU,313,+,+,++,ANMI,1244,0.0441,50,52.16666667,Seedlings,1,0.000803565,382
BU,313,+,+,++,ANMI,1244,0.0441,50,52.16666667,Adults_Y3,NA,NA,382
BU,313,+,+,++,ARLU,4919,0.14,50,52.16666667,Seedlings,15,0.003049424,382
BU,313,+,+,++,ARLU,4919,0.14,50,52.16666667,Adults_Y3,NA,NA,382
BU,313,+,+,++,ARSO,59,0.752,50,52.16666667,Seedlings,0,0,382
BU,313,+,+,++,ARSO,59,0.752,50,52.16666667,Adults_Y3,NA,NA,382
BU,313,+,+,++,BASA,150,8.328,50,52.16666667,Seedlings,1,0.006666667,382
BU,313,+,+,++,BASA,150,8.328,50,52.16666667,Adults_Y3,NA,NA,382
BU,313,+,+,++,ERPU,6629,0.0689,50,52.16666667,Seedlings,10,0.001508553,382
BU,313,+,+,++,ERPU,6629,0.0689,50,52.16666667,Adults_Y3,NA,NA,382
BU,313,+,+,++,ERUM,494,2.164286,50,52.16666667,Seedlings,92,0.186355534,382
BU,313,+,+,++,ERUM,494,2.164286,50,52.16666667,Adults_Y3,NA,NA,382
BU,313,+,+,++,GAAR,230,3.92,50,52.16666667,Seedlings,9,0.039130435,382
BU,313,+,+,++,GAAR,230,3.92,50,52.16666667,Adults_Y3,NA,NA,382
BU,313,+,+,++,GETR,127,1.354558,50,52.16666667,Seedlings,3,0.023670054,382
BU,313,+,+,++,GETR,127,1.354558,50,52.16666667,Adults_Y3,NA,NA,382
BU,313,+,+,++,GEVI,36,8.68,50,52.16666667,Seedlings,1,0.028068784,382
BU,313,+,+,++,GEVI,36,8.68,50,52.16666667,Adults_Y3,NA,NA,382
BU,313,+,+,++,HEVI,5177,0.581626,50,52.16666667,Seedlings,139,0.026848708,382
BU,313,+,+,++,HEVI,5177,0.581626,50,52.16666667,Adults_Y3,NA,NA,382
BU,313,+,+,++,LIRU,138,31.084,50,52.16666667,Seedlings,9,0.065217391,382
BU,313,+,+,++,LIRU,138,31.084,50,52.16666667,Adults_Y3,NA,NA,382
BU,313,+,+,++,LOTR,37,3.652,50,52.16666667,Seedlings,3,0.080357143,382
BU,313,+,+,++,LOTR,37,3.652,50,52.16666667,Adults_Y3,NA,NA,382
BU,313,+,+,++,LUSE,78,20.92,50,52.16666667,Seedlings,3,0.038461538,382
BU,313,+,+,++,LUSE,78,20.92,50,52.16666667,Adults_Y3,NA,NA,382
BU,313,+,+,++,PEPR,926,0.046,50,52.16666667,Seedlings,0,0,382
BU,313,+,+,++,PEPR,926,0.046,50,52.16666667,Adults_Y3,NA,NA,382
BU,313,+,+,++,POGL,12587,0.0956,50,52.16666667,Seedlings,24,0.001906756,382
BU,313,+,+,++,POGL,12587,0.0956,50,52.16666667,Adults_Y3,NA,NA,382
BU,313,+,+,++,ZIVE,290,1.375,50,52.16666667,Seedlings,9,0.031017595,382
BU,313,+,+,++,ZIVE,290,1.375,50,52.16666667,Adults_Y3,NA,NA,382
BU,316,-,+,-+,ACMI,1277,0.0884,10,22.91666667,Seedlings,5,0.003915427,382
BU,316,-,+,-+,ACMI,1277,0.0884,10,22.91666667,Adults_Y3,NA,NA,382
BU,316,-,+,-+,ANMI,1244,0.0441,10,22.91666667,Seedlings,0,0,382
BU,316,-,+,-+,ANMI,1244,0.0441,10,22.91666667,Adults_Y3,NA,NA,382
BU,316,-,+,-+,ARLU,4919,0.14,10,22.91666667,Seedlings,2,0.00040659,382
BU,316,-,+,-+,ARLU,4919,0.14,10,22.91666667,Adults_Y3,NA,NA,382
BU,316,-,+,-+,ARSO,59,0.752,10,22.91666667,Seedlings,0,0,382
BU,316,-,+,-+,ARSO,59,0.752,10,22.91666667,Adults_Y3,NA,NA,382
BU,316,-,+,-+,BASA,150,8.328,10,22.91666667,Seedlings,1,0.006666667,382
BU,316,-,+,-+,BASA,150,8.328,10,22.91666667,Adults_Y3,NA,NA,382
BU,316,-,+,-+,ERPU,6629,0.0689,10,22.91666667,Seedlings,10,0.001508553,382
BU,316,-,+,-+,ERPU,6629,0.0689,10,22.91666667,Adults_Y3,NA,NA,382
BU,316,-,+,-+,ERUM,494,2.164286,10,22.91666667,Seedlings,96,0.194457948,382
BU,316,-,+,-+,ERUM,494,2.164286,10,22.91666667,Adults_Y3,NA,NA,382
BU,316,-,+,-+,GAAR,230,3.92,10,22.91666667,Seedlings,0,0,382
BU,316,-,+,-+,GAAR,230,3.92,10,22.91666667,Adults_Y3,NA,NA,382
BU,316,-,+,-+,GETR,127,1.354558,10,22.91666667,Seedlings,0,0,382
BU,316,-,+,-+,GETR,127,1.354558,10,22.91666667,Adults_Y3,NA,NA,382
BU,316,-,+,-+,GEVI,36,8.68,10,22.91666667,Seedlings,7,0.19648149,382
BU,316,-,+,-+,GEVI,36,8.68,10,22.91666667,Adults_Y3,NA,NA,382
BU,316,-,+,-+,HEVI,5177,0.581626,10,22.91666667,Seedlings,74,0.014293557,382
BU,316,-,+,-+,HEVI,5177,0.581626,10,22.91666667,Adults_Y3,NA,NA,382
BU,316,-,+,-+,LIRU,138,31.084,10,22.91666667,Seedlings,0,0,382
BU,316,-,+,-+,LIRU,138,31.084,10,22.91666667,Adults_Y3,NA,NA,382
BU,316,-,+,-+,LOTR,37,3.652,10,22.91666667,Seedlings,2,0.053571429,382
BU,316,-,+,-+,LOTR,37,3.652,10,22.91666667,Adults_Y3,NA,NA,382
BU,316,-,+,-+,LUSE,78,20.92,10,22.91666667,Seedlings,1,0.012820513,382
BU,316,-,+,-+,LUSE,78,20.92,10,22.91666667,Adults_Y3,NA,NA,382
BU,316,-,+,-+,PEPR,926,0.046,10,22.91666667,Seedlings,1,0.001079501,382
BU,316,-,+,-+,PEPR,926,0.046,10,22.91666667,Adults_Y3,NA,NA,382
BU,316,-,+,-+,POGL,12587,0.0956,10,22.91666667,Seedlings,10,0.000794482,382
BU,316,-,+,-+,POGL,12587,0.0956,10,22.91666667,Adults_Y3,NA,NA,382
BU,316,-,+,-+,ZIVE,290,1.375,10,22.91666667,Seedlings,0,0,382
BU,316,-,+,-+,ZIVE,290,1.375,10,22.91666667,Adults_Y3,NA,NA,382
BU,326,+,-,+-,ACMI,1277,0.0884,90,16.25,Seedlings,11,0.008613939,382
BU,326,+,-,+-,ACMI,1277,0.0884,90,16.25,Adults_Y3,NA,NA,382
BU,326,+,-,+-,ANMI,1244,0.0441,90,16.25,Seedlings,8,0.006428519,382
BU,326,+,-,+-,ANMI,1244,0.0441,90,16.25,Adults_Y3,NA,NA,382
BU,326,+,-,+-,ARLU,4919,0.14,90,16.25,Seedlings,104,0.021142675,382
BU,326,+,-,+-,ARLU,4919,0.14,90,16.25,Adults_Y3,NA,NA,382
BU,326,+,-,+-,ARSO,59,0.752,90,16.25,Seedlings,2,0.033730159,382
BU,326,+,-,+-,ARSO,59,0.752,90,16.25,Adults_Y3,NA,NA,382
BU,326,+,-,+-,BASA,150,8.328,90,16.25,Seedlings,9,0.06,382
BU,326,+,-,+-,BASA,150,8.328,90,16.25,Adults_Y3,NA,NA,382
BU,326,+,-,+-,ERPU,6629,0.0689,90,16.25,Seedlings,5,0.000754276,382
BU,326,+,-,+-,ERPU,6629,0.0689,90,16.25,Adults_Y3,NA,NA,382
BU,326,+,-,+-,ERUM,494,2.164286,90,16.25,Seedlings,92,0.186355534,382
BU,326,+,-,+-,ERUM,494,2.164286,90,16.25,Adults_Y3,NA,NA,382
BU,326,+,-,+-,GAAR,230,3.92,90,16.25,Seedlings,12,0.052173913,382
BU,326,+,-,+-,GAAR,230,3.92,90,16.25,Adults_Y3,NA,NA,382
BU,326,+,-,+-,GETR,127,1.354558,90,16.25,Seedlings,10,0.078900179,382
BU,326,+,-,+-,GETR,127,1.354558,90,16.25,Adults_Y3,NA,NA,382
BU,326,+,-,+-,GEVI,36,8.68,90,16.25,Seedlings,10,0.280687843,382
BU,326,+,-,+-,GEVI,36,8.68,90,16.25,Adults_Y3,NA,NA,382
BU,326,+,-,+-,HEVI,5177,0.581626,90,16.25,Seedlings,143,0.027621333,382
BU,326,+,-,+-,HEVI,5177,0.581626,90,16.25,Adults_Y3,NA,NA,382
BU,326,+,-,+-,LIRU,138,31.084,90,16.25,Seedlings,55,0.398550725,382
BU,326,+,-,+-,LIRU,138,31.084,90,16.25,Adults_Y3,NA,NA,382
BU,326,+,-,+-,LOTR,37,3.652,90,16.25,Seedlings,0,0,382
BU,326,+,-,+-,LOTR,37,3.652,90,16.25,Adults_Y3,NA,NA,382
BU,326,+,-,+-,LUSE,78,20.92,90,16.25,Seedlings,31,0.397435897,382
BU,326,+,-,+-,LUSE,78,20.92,90,16.25,Adults_Y3,NA,NA,382
BU,326,+,-,+-,PEPR,926,0.046,90,16.25,Seedlings,2,0.002159001,382
BU,326,+,-,+-,PEPR,926,0.046,90,16.25,Adults_Y3,NA,NA,382
BU,326,+,-,+-,POGL,12587,0.0956,90,16.25,Seedlings,50,0.003972408,382
BU,326,+,-,+-,POGL,12587,0.0956,90,16.25,Adults_Y3,NA,NA,382
BU,326,+,-,+-,ZIVE,290,1.375,90,16.25,Seedlings,37,0.127516779,382
BU,326,+,-,+-,ZIVE,290,1.375,90,16.25,Adults_Y3,NA,NA,382
BU,329,-,-,--,ACMI,1277,0.0884,10,22,Seedlings,35,0.027407987,382
BU,329,-,-,--,ACMI,1277,0.0884,10,22,Adults_Y3,NA,NA,382
BU,329,-,-,--,ANMI,1244,0.0441,10,22,Seedlings,1,0.000803565,382
BU,329,-,-,--,ANMI,1244,0.0441,10,22,Adults_Y3,NA,NA,382
BU,329,-,-,--,ARLU,4919,0.14,10,22,Seedlings,22,0.004472489,382
BU,329,-,-,--,ARLU,4919,0.14,10,22,Adults_Y3,NA,NA,382
BU,329,-,-,--,ARSO,59,0.752,10,22,Seedlings,0,0,382
BU,329,-,-,--,ARSO,59,0.752,10,22,Adults_Y3,NA,NA,382
BU,329,-,-,--,BASA,150,8.328,10,22,Seedlings,9,0.06,382
BU,329,-,-,--,BASA,150,8.328,10,22,Adults_Y3,NA,NA,382
BU,329,-,-,--,ERPU,6629,0.0689,10,22,Seedlings,25,0.003771382,382
BU,329,-,-,--,ERPU,6629,0.0689,10,22,Adults_Y3,NA,NA,382
BU,329,-,-,--,ERUM,494,2.164286,10,22,Seedlings,141,0.285610112,382
BU,329,-,-,--,ERUM,494,2.164286,10,22,Adults_Y3,NA,NA,382
BU,329,-,-,--,GAAR,230,3.92,10,22,Seedlings,29,0.126086957,382
BU,329,-,-,--,GAAR,230,3.92,10,22,Adults_Y3,NA,NA,382
BU,329,-,-,--,GETR,127,1.354558,10,22,Seedlings,1,0.007890018,382
BU,329,-,-,--,GETR,127,1.354558,10,22,Adults_Y3,NA,NA,382
BU,329,-,-,--,GEVI,36,8.68,10,22,Seedlings,5,0.140343922,382
BU,329,-,-,--,GEVI,36,8.68,10,22,Adults_Y3,NA,NA,382
BU,329,-,-,--,HEVI,5177,0.581626,10,22,Seedlings,285,0.055049509,382
BU,329,-,-,--,HEVI,5177,0.581626,10,22,Adults_Y3,NA,NA,382
BU,329,-,-,--,LIRU,138,31.084,10,22,Seedlings,47,0.34057971,382
BU,329,-,-,--,LIRU,138,31.084,10,22,Adults_Y3,NA,NA,382
BU,329,-,-,--,LOTR,37,3.652,10,22,Seedlings,2,0.053571429,382
BU,329,-,-,--,LOTR,37,3.652,10,22,Adults_Y3,NA,NA,382
BU,329,-,-,--,LUSE,78,20.92,10,22,Seedlings,35,0.448717949,382
BU,329,-,-,--,LUSE,78,20.92,10,22,Adults_Y3,NA,NA,382
BU,329,-,-,--,PEPR,926,0.046,10,22,Seedlings,4,0.004318003,382
BU,329,-,-,--,PEPR,926,0.046,10,22,Adults_Y3,NA,NA,382
BU,329,-,-,--,POGL,12587,0.0956,10,22,Seedlings,127,0.010089917,382
BU,329,-,-,--,POGL,12587,0.0956,10,22,Adults_Y3,NA,NA,382
BU,329,-,-,--,ZIVE,290,1.375,10,22,Seedlings,21,0.072374388,382
BU,329,-,-,--,ZIVE,290,1.375,10,22,Adults_Y3,NA,NA,382
BF,128,+,+,++,ACMI,1277,0.0884,50,33.5,Seedlings,4,0.003132341,382
BF,128,+,+,++,ACMI,1277,0.0884,50,33.5,Adults_Y3,3,0.002349256,382
BF,128,+,+,++,ANMI,1244,0.0441,50,33.5,Seedlings,0,0,382
BF,128,+,+,++,ANMI,1244,0.0441,50,33.5,Adults_Y3,0,0,382
BF,128,+,+,++,ARLU,4919,0.14,50,33.5,Seedlings,1,0.000203295,382
BF,128,+,+,++,ARLU,4919,0.14,50,33.5,Adults_Y3,0,0,382
BF,128,+,+,++,ARSO,59,0.752,50,33.5,Seedlings,2,0.033730159,382
BF,128,+,+,++,ARSO,59,0.752,50,33.5,Adults_Y3,1,0.016865079,382
BF,128,+,+,++,BASA,150,8.328,50,33.5,Seedlings,8,0.053333333,382
BF,128,+,+,++,BASA,150,8.328,50,33.5,Adults_Y3,2,0.013333333,382
BF,128,+,+,++,ERPU,6629,0.0689,50,33.5,Seedlings,12,0.001810263,382
BF,128,+,+,++,ERPU,6629,0.0689,50,33.5,Adults_Y3,0,0,382
BF,128,+,+,++,ERUM,494,2.164286,50,33.5,Seedlings,52,0.105331389,382
BF,128,+,+,++,ERUM,494,2.164286,50,33.5,Adults_Y3,10,0.020256036,382
BF,128,+,+,++,GAAR,230,3.92,50,33.5,Seedlings,8,0.034782609,382
BF,128,+,+,++,GAAR,230,3.92,50,33.5,Adults_Y3,3,0.013043478,382
BF,128,+,+,++,GETR,127,1.354558,50,33.5,Seedlings,5,0.03945009,382
BF,128,+,+,++,GETR,127,1.354558,50,33.5,Adults_Y3,1,0.007890018,382
BF,128,+,+,++,GEVI,36,8.68,50,33.5,Seedlings,10,0.280687843,382
BF,128,+,+,++,GEVI,36,8.68,50,33.5,Adults_Y3,5,0.140343922,382
BF,128,+,+,++,HEVI,5177,0.581626,50,33.5,Seedlings,192,0.037085985,382
BF,128,+,+,++,HEVI,5177,0.581626,50,33.5,Adults_Y3,0,0,382
BF,128,+,+,++,LIRU,138,31.084,50,33.5,Seedlings,12,0.086956522,382
BF,128,+,+,++,LIRU,138,31.084,50,33.5,Adults_Y3,1,0.007246377,382
BF,128,+,+,++,LOTR,37,3.652,50,33.5,Seedlings,3,0.080357143,382
BF,128,+,+,++,LOTR,37,3.652,50,33.5,Adults_Y3,2,0.053571429,382
BF,128,+,+,++,LUSE,78,20.92,50,33.5,Seedlings,8,0.102564103,382
BF,128,+,+,++,LUSE,78,20.92,50,33.5,Adults_Y3,5,0.064102564,382
BF,128,+,+,++,PEPR,926,0.046,50,33.5,Seedlings,3,0.003238502,382
BF,128,+,+,++,PEPR,926,0.046,50,33.5,Adults_Y3,1,0.001079501,382
BF,128,+,+,++,POGL,12587,0.0956,50,33.5,Seedlings,7,0.000556137,382
BF,128,+,+,++,POGL,12587,0.0956,50,33.5,Adults_Y3,0,0,382
BF,128,+,+,++,ZIVE,290,1.375,50,33.5,Seedlings,39,0.134409577,382
BF,128,+,+,++,ZIVE,290,1.375,50,33.5,Adults_Y3,7,0.024124796,382
BF,133,-,+,-+,ACMI,1277,0.0884,1,25.83333333,Seedlings,4,0.003132341,382
BF,133,-,+,-+,ACMI,1277,0.0884,1,25.83333333,Adults_Y3,2,0.001566171,382
BF,133,-,+,-+,ANMI,1244,0.0441,1,25.83333333,Seedlings,0,0,382
BF,133,-,+,-+,ANMI,1244,0.0441,1,25.83333333,Adults_Y3,0,0,382
BF,133,-,+,-+,ARLU,4919,0.14,1,25.83333333,Seedlings,0,0,382
BF,133,-,+,-+,ARLU,4919,0.14,1,25.83333333,Adults_Y3,0,0,382
BF,133,-,+,-+,ARSO,59,0.752,1,25.83333333,Seedlings,1,0.016865079,382
BF,133,-,+,-+,ARSO,59,0.752,1,25.83333333,Adults_Y3,0,0,382
BF,133,-,+,-+,BASA,150,8.328,1,25.83333333,Seedlings,11,0.073333333,382
BF,133,-,+,-+,BASA,150,8.328,1,25.83333333,Adults_Y3,1,0.006666667,382
BF,133,-,+,-+,ERPU,6629,0.0689,1,25.83333333,Seedlings,3,0.000452566,382
BF,133,-,+,-+,ERPU,6629,0.0689,1,25.83333333,Adults_Y3,1,0.000150855,382
BF,133,-,+,-+,ERUM,494,2.164286,1,25.83333333,Seedlings,143,0.289661319,382
BF,133,-,+,-+,ERUM,494,2.164286,1,25.83333333,Adults_Y3,84,0.170150705,382
BF,133,-,+,-+,GAAR,230,3.92,1,25.83333333,Seedlings,5,0.02173913,382
BF,133,-,+,-+,GAAR,230,3.92,1,25.83333333,Adults_Y3,2,0.008695652,382
BF,133,-,+,-+,GETR,127,1.354558,1,25.83333333,Seedlings,9,0.071010161,382
BF,133,-,+,-+,GETR,127,1.354558,1,25.83333333,Adults_Y3,2,0.015780036,382
BF,133,-,+,-+,GEVI,36,8.68,1,25.83333333,Seedlings,3,0.084206353,382
BF,133,-,+,-+,GEVI,36,8.68,1,25.83333333,Adults_Y3,2,0.056137569,382
BF,133,-,+,-+,HEVI,5177,0.581626,1,25.83333333,Seedlings,104,0.020088242,382
BF,133,-,+,-+,HEVI,5177,0.581626,1,25.83333333,Adults_Y3,18,0.003476811,382
BF,133,-,+,-+,LIRU,138,31.084,1,25.83333333,Seedlings,24,0.173913043,382
BF,133,-,+,-+,LIRU,138,31.084,1,25.83333333,Adults_Y3,17,0.123188406,382
BF,133,-,+,-+,LOTR,37,3.652,1,25.83333333,Seedlings,8,0.214285714,382
BF,133,-,+,-+,LOTR,37,3.652,1,25.83333333,Adults_Y3,0,0,382
BF,133,-,+,-+,LUSE,78,20.92,1,25.83333333,Seedlings,17,0.217948718,382
BF,133,-,+,-+,LUSE,78,20.92,1,25.83333333,Adults_Y3,8,0.102564103,382
BF,133,-,+,-+,PEPR,926,0.046,1,25.83333333,Seedlings,0,0,382
BF,133,-,+,-+,PEPR,926,0.046,1,25.83333333,Adults_Y3,0,0,382
BF,133,-,+,-+,POGL,12587,0.0956,1,25.83333333,Seedlings,5,0.000397241,382
BF,133,-,+,-+,POGL,12587,0.0956,1,25.83333333,Adults_Y3,2,0.000158896,382
BF,133,-,+,-+,ZIVE,290,1.375,1,25.83333333,Seedlings,43,0.148195175,382
BF,133,-,+,-+,ZIVE,290,1.375,1,25.83333333,Adults_Y3,5,0.017231997,382
BF,138,-,-,--,ACMI,1277,0.0884,10,13.5,Seedlings,88,0.068911511,382
BF,138,-,-,--,ACMI,1277,0.0884,10,13.5,Adults_Y3,15,0.01174628,382
BF,138,-,-,--,ANMI,1244,0.0441,10,13.5,Seedlings,16,0.012857039,382
BF,138,-,-,--,ANMI,1244,0.0441,10,13.5,Adults_Y3,2,0.00160713,382
BF,138,-,-,--,ARLU,4919,0.14,10,13.5,Seedlings,41,0.008335093,382
BF,138,-,-,--,ARLU,4919,0.14,10,13.5,Adults_Y3,0,0,382
BF,138,-,-,--,ARSO,59,0.752,10,13.5,Seedlings,9,0.151785714,382
BF,138,-,-,--,ARSO,59,0.752,10,13.5,Adults_Y3,3,0.050595238,382
BF,138,-,-,--,BASA,150,8.328,10,13.5,Seedlings,2,0.013333333,382
BF,138,-,-,--,BASA,150,8.328,10,13.5,Adults_Y3,3,0.02,382
BF,138,-,-,--,ERPU,6629,0.0689,10,13.5,Seedlings,96,0.014482107,382
BF,138,-,-,--,ERPU,6629,0.0689,10,13.5,Adults_Y3,16,0.002413685,382
BF,138,-,-,--,ERUM,494,2.164286,10,13.5,Seedlings,142,0.287635715,382
BF,138,-,-,--,ERUM,494,2.164286,10,13.5,Adults_Y3,69,0.13976665,382
BF,138,-,-,--,GAAR,230,3.92,10,13.5,Seedlings,4,0.017391304,382
BF,138,-,-,--,GAAR,230,3.92,10,13.5,Adults_Y3,3,0.013043478,382
BF,138,-,-,--,GETR,127,1.354558,10,13.5,Seedlings,30,0.236700538,382
BF,138,-,-,--,GETR,127,1.354558,10,13.5,Adults_Y3,8,0.063120143,382
BF,138,-,-,--,GEVI,36,8.68,10,13.5,Seedlings,5,0.140343922,382
BF,138,-,-,--,GEVI,36,8.68,10,13.5,Adults_Y3,3,0.084206353,382
BF,138,-,-,--,HEVI,5177,0.581626,10,13.5,Seedlings,333,0.064321005,382
BF,138,-,-,--,HEVI,5177,0.581626,10,13.5,Adults_Y3,23,0.004442592,382
BF,138,-,-,--,LIRU,138,31.084,10,13.5,Seedlings,22,0.15942029,382
BF,138,-,-,--,LIRU,138,31.084,10,13.5,Adults_Y3,17,0.123188406,382
BF,138,-,-,--,LOTR,37,3.652,10,13.5,Seedlings,8,0.214285714,382
BF,138,-,-,--,LOTR,37,3.652,10,13.5,Adults_Y3,7,0.1875,382
BF,138,-,-,--,LUSE,78,20.92,10,13.5,Seedlings,33,0.423076923,382
BF,138,-,-,--,LUSE,78,20.92,10,13.5,Adults_Y3,21,0.269230769,382
BF,138,-,-,--,PEPR,926,0.046,10,13.5,Seedlings,2,0.002159001,382
BF,138,-,-,--,PEPR,926,0.046,10,13.5,Adults_Y3,0,0,382
BF,138,-,-,--,POGL,12587,0.0956,10,13.5,Seedlings,86,0.006832542,382
BF,138,-,-,--,POGL,12587,0.0956,10,13.5,Adults_Y3,1,7.94E-05,382
BF,138,-,-,--,ZIVE,290,1.375,10,13.5,Seedlings,57,0.196444767,382
BF,138,-,-,--,ZIVE,290,1.375,10,13.5,Adults_Y3,36,0.124070379,382
BF,142,+,-,+-,ACMI,1277,0.0884,75,20.41666667,Seedlings,18,0.014095536,382
BF,142,+,-,+-,ACMI,1277,0.0884,75,20.41666667,Adults_Y3,1,0.000783085,382
BF,142,+,-,+-,ANMI,1244,0.0441,75,20.41666667,Seedlings,1,0.000803565,382
BF,142,+,-,+-,ANMI,1244,0.0441,75,20.41666667,Adults_Y3,0,0,382
BF,142,+,-,+-,ARLU,4919,0.14,75,20.41666667,Seedlings,0,0,382
BF,142,+,-,+-,ARLU,4919,0.14,75,20.41666667,Adults_Y3,0,0,382
BF,142,+,-,+-,ARSO,59,0.752,75,20.41666667,Seedlings,2,0.033730159,382
BF,142,+,-,+-,ARSO,59,0.752,75,20.41666667,Adults_Y3,0,0,382
BF,142,+,-,+-,BASA,150,8.328,75,20.41666667,Seedlings,3,0.02,382
BF,142,+,-,+-,BASA,150,8.328,75,20.41666667,Adults_Y3,1,0.006666667,382
BF,142,+,-,+-,ERPU,6629,0.0689,75,20.41666667,Seedlings,12,0.001810263,382
BF,142,+,-,+-,ERPU,6629,0.0689,75,20.41666667,Adults_Y3,0,0,382
BF,142,+,-,+-,ERUM,494,2.164286,75,20.41666667,Seedlings,142,0.287635715,382
BF,142,+,-,+-,ERUM,494,2.164286,75,20.41666667,Adults_Y3,47,0.095203371,382
BF,142,+,-,+-,GAAR,230,3.92,75,20.41666667,Seedlings,1,0.004347826,382
BF,142,+,-,+-,GAAR,230,3.92,75,20.41666667,Adults_Y3,0,0,382
BF,142,+,-,+-,GETR,127,1.354558,75,20.41666667,Seedlings,14,0.110460251,382
BF,142,+,-,+-,GETR,127,1.354558,75,20.41666667,Adults_Y3,0,0,382
BF,142,+,-,+-,GEVI,36,8.68,75,20.41666667,Seedlings,6,0.168412706,382
BF,142,+,-,+-,GEVI,36,8.68,75,20.41666667,Adults_Y3,2,0.056137569,382
BF,142,+,-,+-,HEVI,5177,0.581626,75,20.41666667,Seedlings,134,0.025882927,382
BF,142,+,-,+-,HEVI,5177,0.581626,75,20.41666667,Adults_Y3,3,0.000579469,382
BF,142,+,-,+-,LIRU,138,31.084,75,20.41666667,Seedlings,57,0.413043478,382
BF,142,+,-,+-,LIRU,138,31.084,75,20.41666667,Adults_Y3,32,0.231884058,382
BF,142,+,-,+-,LOTR,37,3.652,75,20.41666667,Seedlings,7,0.1875,382
BF,142,+,-,+-,LOTR,37,3.652,75,20.41666667,Adults_Y3,1,0.026785714,382
BF,142,+,-,+-,LUSE,78,20.92,75,20.41666667,Seedlings,35,0.448717949,382
BF,142,+,-,+-,LUSE,78,20.92,75,20.41666667,Adults_Y3,15,0.192307692,382
BF,142,+,-,+-,PEPR,926,0.046,75,20.41666667,Seedlings,3,0.003238502,382
BF,142,+,-,+-,PEPR,926,0.046,75,20.41666667,Adults_Y3,1,0.001079501,382
BF,142,+,-,+-,POGL,12587,0.0956,75,20.41666667,Seedlings,3,0.000238344,382
BF,142,+,-,+-,POGL,12587,0.0956,75,20.41666667,Adults_Y3,0,0,382
BF,142,+,-,+-,ZIVE,290,1.375,75,20.41666667,Seedlings,47,0.161980773,382
BF,142,+,-,+-,ZIVE,290,1.375,75,20.41666667,Adults_Y3,4,0.013785598,382
CL,200,-,+,-+,ACMI,1277,0.0884,5,9,Seedlings,64,0.050117463,220
CL,200,-,+,-+,ACMI,1277,0.0884,5,9,Adults_Y3,26,0.020360219,220
CL,200,-,+,-+,ANMI,1244,0.0441,5,9,Seedlings,47,0.037767551,220
CL,200,-,+,-+,ANMI,1244,0.0441,5,9,Adults_Y3,10,0.008035649,220
CL,200,-,+,-+,ARLU,4919,0.14,5,9,Seedlings,88,0.017889956,220
CL,200,-,+,-+,ARLU,4919,0.14,5,9,Adults_Y3,10,0.00203295,220
CL,200,-,+,-+,ARSO,59,0.752,5,9,Seedlings,5,0.084325397,220
CL,200,-,+,-+,ARSO,59,0.752,5,9,Adults_Y3,4,0.067460317,220
CL,200,-,+,-+,BASA,150,8.328,5,9,Seedlings,10,0.066666667,220
CL,200,-,+,-+,BASA,150,8.328,5,9,Adults_Y3,8,0.053333333,220
CL,200,-,+,-+,ERPU,6629,0.0689,5,9,Seedlings,231,0.034847571,220
CL,200,-,+,-+,ERPU,6629,0.0689,5,9,Adults_Y3,143,0.021572306,220
CL,200,-,+,-+,ERUM,494,2.164286,5,9,Seedlings,96,0.194457948,220
CL,200,-,+,-+,ERUM,494,2.164286,5,9,Adults_Y3,114,0.230918814,220
CL,200,-,+,-+,GAAR,230,3.92,5,9,Seedlings,25,0.108695652,220
CL,200,-,+,-+,GAAR,230,3.92,5,9,Adults_Y3,12,0.052173913,220
CL,200,-,+,-+,GETR,127,1.354558,5,9,Seedlings,8,0.063120143,220
CL,200,-,+,-+,GETR,127,1.354558,5,9,Adults_Y3,3,0.023670054,220
CL,200,-,+,-+,GEVI,36,8.68,5,9,Seedlings,12,0.336825412,220
CL,200,-,+,-+,GEVI,36,8.68,5,9,Adults_Y3,6,0.168412706,220
CL,200,-,+,-+,HEVI,5177,0.581626,5,9,Seedlings,620,0.119756827,220
CL,200,-,+,-+,HEVI,5177,0.581626,5,9,Adults_Y3,254,0.049061668,220
CL,200,-,+,-+,LIRU,138,31.084,5,9,Seedlings,19,0.137681159,220
CL,200,-,+,-+,LIRU,138,31.084,5,9,Adults_Y3,25,0.18115942,220
CL,200,-,+,-+,LOTR,37,3.652,5,9,Seedlings,3,0.080357143,220
CL,200,-,+,-+,LOTR,37,3.652,5,9,Adults_Y3,0,0,220
CL,200,-,+,-+,LUSE,78,20.92,5,9,Seedlings,10,0.128205128,220
CL,200,-,+,-+,LUSE,78,20.92,5,9,Adults_Y3,9,0.115384615,220
CL,200,-,+,-+,PEPR,926,0.046,5,9,Seedlings,36,0.038862026,220
CL,200,-,+,-+,PEPR,926,0.046,5,9,Adults_Y3,10,0.010795007,220
CL,200,-,+,-+,POGL,12587,0.0956,5,9,Seedlings,429,0.034083262,220
CL,200,-,+,-+,POGL,12587,0.0956,5,9,Adults_Y3,150,0.011917224,220
CL,200,-,+,-+,ZIVE,290,1.375,5,9,Seedlings,111,0.382550336,220
CL,200,-,+,-+,ZIVE,290,1.375,5,9,Adults_Y3,11,0.037910394,220
CL,202,+,+,++,ACMI,1277,0.0884,85,52,Seedlings,55,0.043069695,220
CL,202,+,+,++,ACMI,1277,0.0884,85,52,Adults_Y3,11,0.008613939,220
CL,202,+,+,++,ANMI,1244,0.0441,85,52,Seedlings,9,0.007232084,220
CL,202,+,+,++,ANMI,1244,0.0441,85,52,Adults_Y3,5,0.004017825,220
CL,202,+,+,++,ARLU,4919,0.14,85,52,Seedlings,80,0.016263596,220
CL,202,+,+,++,ARLU,4919,0.14,85,52,Adults_Y3,7,0.001423065,220
CL,202,+,+,++,ARSO,59,0.752,85,52,Seedlings,4,0.067460317,220
CL,202,+,+,++,ARSO,59,0.752,85,52,Adults_Y3,2,0.033730159,220
CL,202,+,+,++,BASA,150,8.328,85,52,Seedlings,44,0.293333333,220
CL,202,+,+,++,BASA,150,8.328,85,52,Adults_Y3,27,0.18,220
CL,202,+,+,++,ERPU,6629,0.0689,85,52,Seedlings,57,0.008598751,220
CL,202,+,+,++,ERPU,6629,0.0689,85,52,Adults_Y3,2,0.000301711,220
CL,202,+,+,++,ERUM,494,2.164286,85,52,Seedlings,169,0.342327013,220
CL,202,+,+,++,ERUM,494,2.164286,85,52,Adults_Y3,51,0.103305785,220
CL,202,+,+,++,GAAR,230,3.92,85,52,Seedlings,54,0.234782609,220
CL,202,+,+,++,GAAR,230,3.92,85,52,Adults_Y3,17,0.073913043,220
CL,202,+,+,++,GETR,127,1.354558,85,52,Seedlings,26,0.205140466,220
CL,202,+,+,++,GETR,127,1.354558,85,52,Adults_Y3,5,0.03945009,220
CL,202,+,+,++,GEVI,36,8.68,85,52,Seedlings,26,0.729788392,220
CL,202,+,+,++,GEVI,36,8.68,85,52,Adults_Y3,4,0.112275137,220
CL,202,+,+,++,HEVI,5177,0.581626,85,52,Seedlings,294,0.056787915,220
CL,202,+,+,++,HEVI,5177,0.581626,85,52,Adults_Y3,7,0.001352093,220
CL,202,+,+,++,LIRU,138,31.084,85,52,Seedlings,31,0.224637681,220
CL,202,+,+,++,LIRU,138,31.084,85,52,Adults_Y3,29,0.210144928,220
CL,202,+,+,++,LOTR,37,3.652,85,52,Seedlings,2,0.053571429,220
CL,202,+,+,++,LOTR,37,3.652,85,52,Adults_Y3,0,0,220
CL,202,+,+,++,LUSE,78,20.92,85,52,Seedlings,37,0.474358974,220
CL,202,+,+,++,LUSE,78,20.92,85,52,Adults_Y3,12,0.153846154,220
CL,202,+,+,++,PEPR,926,0.046,85,52,Seedlings,6,0.006477004,220
CL,202,+,+,++,PEPR,926,0.046,85,52,Adults_Y3,0,0,220
CL,202,+,+,++,POGL,12587,0.0956,85,52,Seedlings,140,0.011122743,220
CL,202,+,+,++,POGL,12587,0.0956,85,52,Adults_Y3,4,0.000317793,220
CL,202,+,+,++,ZIVE,290,1.375,85,52,Seedlings,50,0.172319971,220
CL,202,+,+,++,ZIVE,290,1.375,85,52,Adults_Y3,0,0,220
CL,207,+,-,+-,ACMI,1277,0.0884,85,39,Seedlings,80,0.062646829,220
CL,207,+,-,+-,ACMI,1277,0.0884,85,39,Adults_Y3,12,0.009397024,220
CL,207,+,-,+-,ANMI,1244,0.0441,85,39,Seedlings,18,0.014464168,220
CL,207,+,-,+-,ANMI,1244,0.0441,85,39,Adults_Y3,2,0.00160713,220
CL,207,+,-,+-,ARLU,4919,0.14,85,39,Seedlings,66,0.013417467,220
CL,207,+,-,+-,ARLU,4919,0.14,85,39,Adults_Y3,7,0.001423065,220
CL,207,+,-,+-,ARSO,59,0.752,85,39,Seedlings,5,0.084325397,220
CL,207,+,-,+-,ARSO,59,0.752,85,39,Adults_Y3,1,0.016865079,220
CL,207,+,-,+-,BASA,150,8.328,85,39,Seedlings,28,0.186666667,220
CL,207,+,-,+-,BASA,150,8.328,85,39,Adults_Y3,29,0.193333333,220
CL,207,+,-,+-,ERPU,6629,0.0689,85,39,Seedlings,117,0.017650068,220
CL,207,+,-,+-,ERPU,6629,0.0689,85,39,Adults_Y3,1,0.000150855,220
CL,207,+,-,+-,ERUM,494,2.164286,85,39,Seedlings,150,0.303840544,220
CL,207,+,-,+-,ERUM,494,2.164286,85,39,Adults_Y3,52,0.105331389,220
CL,207,+,-,+-,GAAR,230,3.92,85,39,Seedlings,22,0.095652174,220
CL,207,+,-,+-,GAAR,230,3.92,85,39,Adults_Y3,12,0.052173913,220
CL,207,+,-,+-,GETR,127,1.354558,85,39,Seedlings,11,0.086790197,220
CL,207,+,-,+-,GETR,127,1.354558,85,39,Adults_Y3,6,0.047340108,220
CL,207,+,-,+-,GEVI,36,8.68,85,39,Seedlings,18,0.505238118,220
CL,207,+,-,+-,GEVI,36,8.68,85,39,Adults_Y3,9,0.252619059,220
CL,207,+,-,+-,HEVI,5177,0.581626,85,39,Seedlings,229,0.044232763,220
CL,207,+,-,+-,HEVI,5177,0.581626,85,39,Adults_Y3,9,0.001738406,220
CL,207,+,-,+-,LIRU,138,31.084,85,39,Seedlings,44,0.31884058,220
CL,207,+,-,+-,LIRU,138,31.084,85,39,Adults_Y3,36,0.260869565,220
CL,207,+,-,+-,LOTR,37,3.652,85,39,Seedlings,7,0.1875,220
CL,207,+,-,+-,LOTR,37,3.652,85,39,Adults_Y3,1,0.026785714,220
CL,207,+,-,+-,LUSE,78,20.92,85,39,Seedlings,39,0.5,220
CL,207,+,-,+-,LUSE,78,20.92,85,39,Adults_Y3,14,0.179487179,220
CL,207,+,-,+-,PEPR,926,0.046,85,39,Seedlings,6,0.006477004,220
CL,207,+,-,+-,PEPR,926,0.046,85,39,Adults_Y3,1,0.001079501,220
CL,207,+,-,+-,POGL,12587,0.0956,85,39,Seedlings,106,0.008421505,220
CL,207,+,-,+-,POGL,12587,0.0956,85,39,Adults_Y3,5,0.000397241,220
CL,207,+,-,+-,ZIVE,290,1.375,85,39,Seedlings,73,0.251587158,220
CL,207,+,-,+-,ZIVE,290,1.375,85,39,Adults_Y3,0,0,220
CL,209,-,-,--,ACMI,1277,0.0884,7,21.25,Seedlings,103,0.080657792,220
CL,209,-,-,--,ACMI,1277,0.0884,7,21.25,Adults_Y3,38,0.029757244,220
CL,209,-,-,--,ANMI,1244,0.0441,7,21.25,Seedlings,17,0.013660603,220
CL,209,-,-,--,ANMI,1244,0.0441,7,21.25,Adults_Y3,7,0.005624954,220
CL,209,-,-,--,ARLU,4919,0.14,7,21.25,Seedlings,197,0.040049105,220
CL,209,-,-,--,ARLU,4919,0.14,7,21.25,Adults_Y3,49,0.009961453,220
CL,209,-,-,--,ARSO,59,0.752,7,21.25,Seedlings,3,0.050595238,220
CL,209,-,-,--,ARSO,59,0.752,7,21.25,Adults_Y3,2,0.033730159,220
CL,209,-,-,--,BASA,150,8.328,7,21.25,Seedlings,34,0.226666667,220
CL,209,-,-,--,BASA,150,8.328,7,21.25,Adults_Y3,20,0.133333333,220
CL,209,-,-,--,ERPU,6629,0.0689,7,21.25,Seedlings,212,0.03198132,220
CL,209,-,-,--,ERPU,6629,0.0689,7,21.25,Adults_Y3,86,0.012973554,220
CL,209,-,-,--,ERUM,494,2.164286,7,21.25,Seedlings,208,0.421325555,220
CL,209,-,-,--,ERUM,494,2.164286,7,21.25,Adults_Y3,119,0.241046832,220
CL,209,-,-,--,GAAR,230,3.92,7,21.25,Seedlings,54,0.234782609,220
CL,209,-,-,--,GAAR,230,3.92,7,21.25,Adults_Y3,28,0.12173913,220
CL,209,-,-,--,GETR,127,1.354558,7,21.25,Seedlings,15,0.118350269,220
CL,209,-,-,--,GETR,127,1.354558,7,21.25,Adults_Y3,14,0.110460251,220
CL,209,-,-,--,GEVI,36,8.68,7,21.25,Seedlings,10,0.280687843,220
CL,209,-,-,--,GEVI,36,8.68,7,21.25,Adults_Y3,7,0.19648149,220
CL,209,-,-,--,HEVI,5177,0.581626,7,21.25,Seedlings,549,0.106042738,220
CL,209,-,-,--,HEVI,5177,0.581626,7,21.25,Adults_Y3,164,0.031677612,220
CL,209,-,-,--,LIRU,138,31.084,7,21.25,Seedlings,52,0.376811594,220
CL,209,-,-,--,LIRU,138,31.084,7,21.25,Adults_Y3,44,0.31884058,220
CL,209,-,-,--,LOTR,37,3.652,7,21.25,Seedlings,8,0.214285714,220
CL,209,-,-,--,LOTR,37,3.652,7,21.25,Adults_Y3,5,0.133928571,220
CL,209,-,-,--,LUSE,78,20.92,7,21.25,Seedlings,54,0.692307692,220
CL,209,-,-,--,LUSE,78,20.92,7,21.25,Adults_Y3,10,0.128205128,220
CL,209,-,-,--,PEPR,926,0.046,7,21.25,Seedlings,48,0.051816035,220
CL,209,-,-,--,PEPR,926,0.046,7,21.25,Adults_Y3,11,0.011874508,220
CL,209,-,-,--,POGL,12587,0.0956,7,21.25,Seedlings,625,0.049655102,220
CL,209,-,-,--,POGL,12587,0.0956,7,21.25,Adults_Y3,134,0.010646054,220
CL,209,-,-,--,ZIVE,290,1.375,7,21.25,Seedlings,28,0.096499184,220
CL,209,-,-,--,ZIVE,290,1.375,7,21.25,Adults_Y3,4,0.013785598,220
CN,220,-,+,-+,ACMI,1277,0.0884,20,6,Seedlings,97,0.07595928,256.8
CN,220,-,+,-+,ACMI,1277,0.0884,20,6,Adults_Y3,8,0.006264683,256.8
CN,220,-,+,-+,ANMI,1244,0.0441,20,6,Seedlings,33,0.026517642,256.8
CN,220,-,+,-+,ANMI,1244,0.0441,20,6,Adults_Y3,1,0.000803565,256.8
CN,220,-,+,-+,ARLU,4919,0.14,20,6,Seedlings,99,0.0201262,256.8
CN,220,-,+,-+,ARLU,4919,0.14,20,6,Adults_Y3,5,0.001016475,256.8
CN,220,-,+,-+,ARSO,59,0.752,20,6,Seedlings,6,0.101190476,256.8
CN,220,-,+,-+,ARSO,59,0.752,20,6,Adults_Y3,0,0,256.8
CN,220,-,+,-+,BASA,150,8.328,20,6,Seedlings,19,0.126666667,256.8
CN,220,-,+,-+,BASA,150,8.328,20,6,Adults_Y3,8,0.053333333,256.8
CN,220,-,+,-+,ERPU,6629,0.0689,20,6,Seedlings,131,0.019762042,256.8
CN,220,-,+,-+,ERPU,6629,0.0689,20,6,Adults_Y3,18,0.002715395,256.8
CN,220,-,+,-+,ERUM,494,2.164286,20,6,Seedlings,196,0.397018311,256.8
CN,220,-,+,-+,ERUM,494,2.164286,20,6,Adults_Y3,23,0.046588883,256.8
CN,220,-,+,-+,GAAR,230,3.92,20,6,Seedlings,34,0.147826087,256.8
CN,220,-,+,-+,GAAR,230,3.92,20,6,Adults_Y3,10,0.043478261,256.8
CN,220,-,+,-+,GETR,127,1.354558,20,6,Seedlings,5,0.03945009,256.8
CN,220,-,+,-+,GETR,127,1.354558,20,6,Adults_Y3,2,0.015780036,256.8
CN,220,-,+,-+,GEVI,36,8.68,20,6,Seedlings,10,0.280687843,256.8
CN,220,-,+,-+,GEVI,36,8.68,20,6,Adults_Y3,1,0.028068784,256.8
CN,220,-,+,-+,HEVI,5177,0.581626,20,6,Seedlings,300,0.057946852,256.8
CN,220,-,+,-+,HEVI,5177,0.581626,20,6,Adults_Y3,6,0.001158937,256.8
CN,220,-,+,-+,LIRU,138,31.084,20,6,Seedlings,19,0.137681159,256.8
CN,220,-,+,-+,LIRU,138,31.084,20,6,Adults_Y3,5,0.036231884,256.8
CN,220,-,+,-+,LOTR,37,3.652,20,6,Seedlings,2,0.053571429,256.8
CN,220,-,+,-+,LOTR,37,3.652,20,6,Adults_Y3,0,0,256.8
CN,220,-,+,-+,LUSE,78,20.92,20,6,Seedlings,16,0.205128205,256.8
CN,220,-,+,-+,LUSE,78,20.92,20,6,Adults_Y3,3,0.038461538,256.8
CN,220,-,+,-+,PEPR,926,0.046,20,6,Seedlings,11,0.011874508,256.8
CN,220,-,+,-+,PEPR,926,0.046,20,6,Adults_Y3,0,0,256.8
CN,220,-,+,-+,POGL,12587,0.0956,20,6,Seedlings,941,0.074760721,256.8
CN,220,-,+,-+,POGL,12587,0.0956,20,6,Adults_Y3,54,0.004290201,256.8
CN,220,-,+,-+,ZIVE,290,1.375,20,6,Seedlings,74,0.255033557,256.8
CN,220,-,+,-+,ZIVE,290,1.375,20,6,Adults_Y3,4,0.013785598,256.8
CN,223,+,+,++,ACMI,1277,0.0884,65,12,Seedlings,83,0.064996085,256.8
CN,223,+,+,++,ACMI,1277,0.0884,65,12,Adults_Y3,2,0.001566171,256.8
CN,223,+,+,++,ANMI,1244,0.0441,65,12,Seedlings,108,0.08678501,256.8
CN,223,+,+,++,ANMI,1244,0.0441,65,12,Adults_Y3,23,0.018481993,256.8
CN,223,+,+,++,ARLU,4919,0.14,65,12,Seedlings,118,0.023988804,256.8
CN,223,+,+,++,ARLU,4919,0.14,65,12,Adults_Y3,0,0,256.8
CN,223,+,+,++,ARSO,59,0.752,65,12,Seedlings,5,0.084325397,256.8
CN,223,+,+,++,ARSO,59,0.752,65,12,Adults_Y3,1,0.016865079,256.8
CN,223,+,+,++,BASA,150,8.328,65,12,Seedlings,29,0.193333333,256.8
CN,223,+,+,++,BASA,150,8.328,65,12,Adults_Y3,25,0.166666667,256.8
CN,223,+,+,++,ERPU,6629,0.0689,65,12,Seedlings,185,0.027908228,256.8
CN,223,+,+,++,ERPU,6629,0.0689,65,12,Adults_Y3,10,0.001508553,256.8
CN,223,+,+,++,ERUM,494,2.164286,65,12,Seedlings,129,0.261302868,256.8
CN,223,+,+,++,ERUM,494,2.164286,65,12,Adults_Y3,3,0.006076811,256.8
CN,223,+,+,++,GAAR,230,3.92,65,12,Seedlings,9,0.039130435,256.8
CN,223,+,+,++,GAAR,230,3.92,65,12,Adults_Y3,2,0.008695652,256.8
CN,223,+,+,++,GETR,127,1.354558,65,12,Seedlings,7,0.055230126,256.8
CN,223,+,+,++,GETR,127,1.354558,65,12,Adults_Y3,0,0,256.8
CN,223,+,+,++,GEVI,36,8.68,65,12,Seedlings,14,0.39296298,256.8
CN,223,+,+,++,GEVI,36,8.68,65,12,Adults_Y3,1,0.028068784,256.8
CN,223,+,+,++,HEVI,5177,0.581626,65,12,Seedlings,274,0.052924791,256.8
CN,223,+,+,++,HEVI,5177,0.581626,65,12,Adults_Y3,0,0,256.8
CN,223,+,+,++,LIRU,138,31.084,65,12,Seedlings,38,0.275362319,256.8
CN,223,+,+,++,LIRU,138,31.084,65,12,Adults_Y3,21,0.152173913,256.8
CN,223,+,+,++,LOTR,37,3.652,65,12,Seedlings,5,0.133928571,256.8
CN,223,+,+,++,LOTR,37,3.652,65,12,Adults_Y3,3,0.080357143,256.8
CN,223,+,+,++,LUSE,78,20.92,65,12,Seedlings,13,0.166666667,256.8
CN,223,+,+,++,LUSE,78,20.92,65,12,Adults_Y3,3,0.038461538,256.8
CN,223,+,+,++,PEPR,926,0.046,65,12,Seedlings,16,0.017272012,256.8
CN,223,+,+,++,PEPR,926,0.046,65,12,Adults_Y3,0,0,256.8
CN,223,+,+,++,POGL,12587,0.0956,65,12,Seedlings,899,0.071423898,256.8
CN,223,+,+,++,POGL,12587,0.0956,65,12,Adults_Y3,11,0.00087393,256.8
CN,223,+,+,++,ZIVE,290,1.375,65,12,Seedlings,66,0.227462362,256.8
CN,223,+,+,++,ZIVE,290,1.375,65,12,Adults_Y3,4,0.013785598,256.8
CN,234,-,-,--,ACMI,1277,0.0884,30,14,Seedlings,9,0.007047768,256.8
CN,234,-,-,--,ACMI,1277,0.0884,30,14,Adults_Y3,0,0,256.8
CN,234,-,-,--,ANMI,1244,0.0441,30,14,Seedlings,7,0.005624954,256.8
CN,234,-,-,--,ANMI,1244,0.0441,30,14,Adults_Y3,1,0.000803565,256.8
CN,234,-,-,--,ARLU,4919,0.14,30,14,Seedlings,62,0.012604287,256.8
CN,234,-,-,--,ARLU,4919,0.14,30,14,Adults_Y3,1,0.000203295,256.8
CN,234,-,-,--,ARSO,59,0.752,30,14,Seedlings,15,0.25297619,256.8
CN,234,-,-,--,ARSO,59,0.752,30,14,Adults_Y3,6,0.101190476,256.8
CN,234,-,-,--,BASA,150,8.328,30,14,Seedlings,37,0.246666667,256.8
CN,234,-,-,--,BASA,150,8.328,30,14,Adults_Y3,18,0.12,256.8
CN,234,-,-,--,ERPU,6629,0.0689,30,14,Seedlings,233,0.035149281,256.8
CN,234,-,-,--,ERPU,6629,0.0689,30,14,Adults_Y3,17,0.00256454,256.8
CN,234,-,-,--,ERUM,494,2.164286,30,14,Seedlings,155,0.313968563,256.8
CN,234,-,-,--,ERUM,494,2.164286,30,14,Adults_Y3,9,0.018230433,256.8
CN,234,-,-,--,GAAR,230,3.92,30,14,Seedlings,39,0.169565217,256.8
CN,234,-,-,--,GAAR,230,3.92,30,14,Adults_Y3,8,0.034782609,256.8
CN,234,-,-,--,GETR,127,1.354558,30,14,Seedlings,5,0.03945009,256.8
CN,234,-,-,--,GETR,127,1.354558,30,14,Adults_Y3,0,0,256.8
CN,234,-,-,--,GEVI,36,8.68,30,14,Seedlings,10,0.280687843,256.8
CN,234,-,-,--,GEVI,36,8.68,30,14,Adults_Y3,4,0.112275137,256.8
CN,234,-,-,--,HEVI,5177,0.581626,30,14,Seedlings,385,0.074365126,256.8
CN,234,-,-,--,HEVI,5177,0.581626,30,14,Adults_Y3,16,0.003090499,256.8
CN,234,-,-,--,LIRU,138,31.084,30,14,Seedlings,34,0.246376812,256.8
CN,234,-,-,--,LIRU,138,31.084,30,14,Adults_Y3,15,0.108695652,256.8
CN,234,-,-,--,LOTR,37,3.652,30,14,Seedlings,4,0.107142857,256.8
CN,234,-,-,--,LOTR,37,3.652,30,14,Adults_Y3,0,0,256.8
CN,234,-,-,--,LUSE,78,20.92,30,14,Seedlings,32,0.41025641,256.8
CN,234,-,-,--,LUSE,78,20.92,30,14,Adults_Y3,9,0.115384615,256.8
CN,234,-,-,--,PEPR,926,0.046,30,14,Seedlings,5,0.005397504,256.8
CN,234,-,-,--,PEPR,926,0.046,30,14,Adults_Y3,1,0.001079501,256.8
CN,234,-,-,--,POGL,12587,0.0956,30,14,Seedlings,606,0.048145586,256.8
CN,234,-,-,--,POGL,12587,0.0956,30,14,Adults_Y3,36,0.002860134,256.8
CN,234,-,-,--,ZIVE,290,1.375,30,14,Seedlings,44,0.151641574,256.8
CN,234,-,-,--,ZIVE,290,1.375,30,14,Adults_Y3,7,0.024124796,256.8
CN,235,+,-,+-,ACMI,1277,0.0884,70,14,Seedlings,55,0.043069695,256.8
CN,235,+,-,+-,ACMI,1277,0.0884,70,14,Adults_Y3,0,0,256.8
CN,235,+,-,+-,ANMI,1244,0.0441,70,14,Seedlings,15,0.012053474,256.8
CN,235,+,-,+-,ANMI,1244,0.0441,70,14,Adults_Y3,0,0,256.8
CN,235,+,-,+-,ARLU,4919,0.14,70,14,Seedlings,124,0.025208574,256.8
CN,235,+,-,+-,ARLU,4919,0.14,70,14,Adults_Y3,1,0.000203295,256.8
CN,235,+,-,+-,ARSO,59,0.752,70,14,Seedlings,30,0.505952381,256.8
CN,235,+,-,+-,ARSO,59,0.752,70,14,Adults_Y3,1,0.016865079,256.8
CN,235,+,-,+-,BASA,150,8.328,70,14,Seedlings,42,0.28,256.8
CN,235,+,-,+-,BASA,150,8.328,70,14,Adults_Y3,8,0.053333333,256.8
CN,235,+,-,+-,ERPU,6629,0.0689,70,14,Seedlings,158,0.023835135,256.8
CN,235,+,-,+-,ERPU,6629,0.0689,70,14,Adults_Y3,4,0.000603421,256.8
CN,235,+,-,+-,ERUM,494,2.164286,70,14,Seedlings,217,0.439555988,256.8
CN,235,+,-,+-,ERUM,494,2.164286,70,14,Adults_Y3,6,0.012153622,256.8
CN,235,+,-,+-,GAAR,230,3.92,70,14,Seedlings,25,0.108695652,256.8
CN,235,+,-,+-,GAAR,230,3.92,70,14,Adults_Y3,6,0.026086957,256.8
CN,235,+,-,+-,GETR,127,1.354558,70,14,Seedlings,12,0.094680215,256.8
CN,235,+,-,+-,GETR,127,1.354558,70,14,Adults_Y3,0,0,256.8
CN,235,+,-,+-,GEVI,36,8.68,70,14,Seedlings,10,0.280687843,256.8
CN,235,+,-,+-,GEVI,36,8.68,70,14,Adults_Y3,3,0.084206353,256.8
CN,235,+,-,+-,HEVI,5177,0.581626,70,14,Seedlings,607,0.117245796,256.8
CN,235,+,-,+-,HEVI,5177,0.581626,70,14,Adults_Y3,0,0,256.8
CN,235,+,-,+-,LIRU,138,31.084,70,14,Seedlings,51,0.369565217,256.8
CN,235,+,-,+-,LIRU,138,31.084,70,14,Adults_Y3,31,0.224637681,256.8
CN,235,+,-,+-,LOTR,37,3.652,70,14,Seedlings,6,0.160714286,256.8
CN,235,+,-,+-,LOTR,37,3.652,70,14,Adults_Y3,3,0.080357143,256.8
CN,235,+,-,+-,LUSE,78,20.92,70,14,Seedlings,27,0.346153846,256.8
CN,235,+,-,+-,LUSE,78,20.92,70,14,Adults_Y3,3,0.038461538,256.8
CN,235,+,-,+-,PEPR,926,0.046,70,14,Seedlings,7,0.007556505,256.8
CN,235,+,-,+-,PEPR,926,0.046,70,14,Adults_Y3,0,0,256.8
CN,235,+,-,+-,POGL,12587,0.0956,70,14,Seedlings,738,0.058632744,256.8
CN,235,+,-,+-,POGL,12587,0.0956,70,14,Adults_Y3,18,0.001430067,256.8
CN,235,+,-,+-,ZIVE,290,1.375,70,14,Seedlings,117,0.403228732,256.8
CN,235,+,-,+-,ZIVE,290,1.375,70,14,Adults_Y3,1,0.003446399,256.8
DR,102,+,+,++,ACMI,1277,0.0884,35,0.4,Seedlings,86,0.067345341,90.4
DR,102,+,+,++,ACMI,1277,0.0884,35,0.4,Adults_Y3,2,0.001566171,90.4
DR,102,+,+,++,ANMI,1244,0.0441,35,0.4,Seedlings,48,0.038571116,90.4
DR,102,+,+,++,ANMI,1244,0.0441,35,0.4,Adults_Y3,3,0.002410695,90.4
DR,102,+,+,++,ARLU,4919,0.14,35,0.4,Seedlings,39,0.007928503,90.4
DR,102,+,+,++,ARLU,4919,0.14,35,0.4,Adults_Y3,0,0,90.4
DR,102,+,+,++,ARSO,59,0.752,35,0.4,Seedlings,1,0.016865079,90.4
DR,102,+,+,++,ARSO,59,0.752,35,0.4,Adults_Y3,0,0,90.4
DR,102,+,+,++,BASA,150,8.328,35,0.4,Seedlings,17,0.113333333,90.4
DR,102,+,+,++,BASA,150,8.328,35,0.4,Adults_Y3,0,0,90.4
DR,102,+,+,++,ERPU,6629,0.0689,35,0.4,Seedlings,275,0.041485203,90.4
DR,102,+,+,++,ERPU,6629,0.0689,35,0.4,Adults_Y3,50,0.007542764,90.4
DR,102,+,+,++,ERUM,494,2.164286,35,0.4,Seedlings,70,0.141792254,90.4
DR,102,+,+,++,ERUM,494,2.164286,35,0.4,Adults_Y3,2,0.004051207,90.4
DR,102,+,+,++,GAAR,230,3.92,35,0.4,Seedlings,6,0.026086957,90.4
DR,102,+,+,++,GAAR,230,3.92,35,0.4,Adults_Y3,1,0.004347826,90.4
DR,102,+,+,++,GETR,127,1.354558,35,0.4,Seedlings,1,0.007890018,90.4
DR,102,+,+,++,GETR,127,1.354558,35,0.4,Adults_Y3,1,0.007890018,90.4
DR,102,+,+,++,GEVI,36,8.68,35,0.4,Seedlings,2,0.056137569,90.4
DR,102,+,+,++,GEVI,36,8.68,35,0.4,Adults_Y3,0,0,90.4
DR,102,+,+,++,HEVI,5177,0.581626,35,0.4,Seedlings,357,0.068956753,90.4
DR,102,+,+,++,HEVI,5177,0.581626,35,0.4,Adults_Y3,0,0,90.4
DR,102,+,+,++,LIRU,138,31.084,35,0.4,Seedlings,2,0.014492754,90.4
DR,102,+,+,++,LIRU,138,31.084,35,0.4,Adults_Y3,0,0,90.4
DR,102,+,+,++,LOTR,37,3.652,35,0.4,Seedlings,4,0.107142857,90.4
DR,102,+,+,++,LOTR,37,3.652,35,0.4,Adults_Y3,0,0,90.4
DR,102,+,+,++,LUSE,78,20.92,35,0.4,Seedlings,1,0.012820513,90.4
DR,102,+,+,++,LUSE,78,20.92,35,0.4,Adults_Y3,0,0,90.4
DR,102,+,+,++,PEPR,926,0.046,35,0.4,Seedlings,23,0.024828517,90.4
DR,102,+,+,++,PEPR,926,0.046,35,0.4,Adults_Y3,0,0,90.4
DR,102,+,+,++,POGL,12587,0.0956,35,0.4,Seedlings,149,0.011837776,90.4
DR,102,+,+,++,POGL,12587,0.0956,35,0.4,Adults_Y3,2,0.000158896,90.4
DR,102,+,+,++,ZIVE,290,1.375,35,0.4,Seedlings,16,0.055142391,90.4
DR,102,+,+,++,ZIVE,290,1.375,35,0.4,Adults_Y3,2,0.006892799,90.4
DR,110,-,+,-+,ACMI,1277,0.0884,15,0.8,Seedlings,44,0.034455756,90.4
DR,110,-,+,-+,ACMI,1277,0.0884,15,0.8,Adults_Y3,48,0.037588097,90.4
DR,110,-,+,-+,ANMI,1244,0.0441,15,0.8,Seedlings,3,0.002410695,90.4
DR,110,-,+,-+,ANMI,1244,0.0441,15,0.8,Adults_Y3,4,0.00321426,90.4
DR,110,-,+,-+,ARLU,4919,0.14,15,0.8,Seedlings,58,0.011791107,90.4
DR,110,-,+,-+,ARLU,4919,0.14,15,0.8,Adults_Y3,0,0,90.4
DR,110,-,+,-+,ARSO,59,0.752,15,0.8,Seedlings,2,0.033730159,90.4
DR,110,-,+,-+,ARSO,59,0.752,15,0.8,Adults_Y3,1,0.016865079,90.4
DR,110,-,+,-+,BASA,150,8.328,15,0.8,Seedlings,1,0.006666667,90.4
DR,110,-,+,-+,BASA,150,8.328,15,0.8,Adults_Y3,0,0,90.4
DR,110,-,+,-+,ERPU,6629,0.0689,15,0.8,Seedlings,211,0.031830465,90.4
DR,110,-,+,-+,ERPU,6629,0.0689,15,0.8,Adults_Y3,71,0.010710725,90.4
DR,110,-,+,-+,ERUM,494,2.164286,15,0.8,Seedlings,113,0.22889321,90.4
DR,110,-,+,-+,ERUM,494,2.164286,15,0.8,Adults_Y3,30,0.060768109,90.4
DR,110,-,+,-+,GAAR,230,3.92,15,0.8,Seedlings,14,0.060869565,90.4
DR,110,-,+,-+,GAAR,230,3.92,15,0.8,Adults_Y3,5,0.02173913,90.4
DR,110,-,+,-+,GETR,127,1.354558,15,0.8,Seedlings,5,0.03945009,90.4
DR,110,-,+,-+,GETR,127,1.354558,15,0.8,Adults_Y3,1,0.007890018,90.4
DR,110,-,+,-+,GEVI,36,8.68,15,0.8,Seedlings,1,0.028068784,90.4
DR,110,-,+,-+,GEVI,36,8.68,15,0.8,Adults_Y3,2,0.056137569,90.4
DR,110,-,+,-+,HEVI,5177,0.581626,15,0.8,Seedlings,426,0.082284529,90.4
DR,110,-,+,-+,HEVI,5177,0.581626,15,0.8,Adults_Y3,154,0.02974605,90.4
DR,110,-,+,-+,LIRU,138,31.084,15,0.8,Seedlings,1,0.007246377,90.4
DR,110,-,+,-+,LIRU,138,31.084,15,0.8,Adults_Y3,0,0,90.4
DR,110,-,+,-+,LOTR,37,3.652,15,0.8,Seedlings,3,0.080357143,90.4
DR,110,-,+,-+,LOTR,37,3.652,15,0.8,Adults_Y3,0,0,90.4
DR,110,-,+,-+,LUSE,78,20.92,15,0.8,Seedlings,7,0.08974359,90.4
DR,110,-,+,-+,LUSE,78,20.92,15,0.8,Adults_Y3,1,0.012820513,90.4
DR,110,-,+,-+,PEPR,926,0.046,15,0.8,Seedlings,0,0,90.4
DR,110,-,+,-+,PEPR,926,0.046,15,0.8,Adults_Y3,0,0,90.4
DR,110,-,+,-+,POGL,12587,0.0956,15,0.8,Seedlings,2,0.000158896,90.4
DR,110,-,+,-+,POGL,12587,0.0956,15,0.8,Adults_Y3,0,0,90.4
DR,110,-,+,-+,ZIVE,290,1.375,15,0.8,Seedlings,0,0,90.4
DR,110,-,+,-+,ZIVE,290,1.375,15,0.8,Adults_Y3,0,0,90.4
DR,120,+,-,+-,ACMI,1277,0.0884,30,1.6,Seedlings,146,0.114330462,90.4
DR,120,+,-,+-,ACMI,1277,0.0884,30,1.6,Adults_Y3,71,0.05559906,90.4
DR,120,+,-,+-,ANMI,1244,0.0441,30,1.6,Seedlings,26,0.020892688,90.4
DR,120,+,-,+-,ANMI,1244,0.0441,30,1.6,Adults_Y3,0,0,90.4
DR,120,+,-,+-,ARLU,4919,0.14,30,1.6,Seedlings,127,0.025818459,90.4
DR,120,+,-,+-,ARLU,4919,0.14,30,1.6,Adults_Y3,0,0,90.4
DR,120,+,-,+-,ARSO,59,0.752,30,1.6,Seedlings,1,0.016865079,90.4
DR,120,+,-,+-,ARSO,59,0.752,30,1.6,Adults_Y3,0,0,90.4
DR,120,+,-,+-,BASA,150,8.328,30,1.6,Seedlings,4,0.026666667,90.4
DR,120,+,-,+-,BASA,150,8.328,30,1.6,Adults_Y3,3,0.02,90.4
DR,120,+,-,+-,ERPU,6629,0.0689,30,1.6,Seedlings,284,0.042842901,90.4
DR,120,+,-,+-,ERPU,6629,0.0689,30,1.6,Adults_Y3,14,0.002111974,90.4
DR,120,+,-,+-,ERUM,494,2.164286,30,1.6,Seedlings,58,0.117485011,90.4
DR,120,+,-,+-,ERUM,494,2.164286,30,1.6,Adults_Y3,11,0.02228164,90.4
DR,120,+,-,+-,GAAR,230,3.92,30,1.6,Seedlings,18,0.07826087,90.4
DR,120,+,-,+-,GAAR,230,3.92,30,1.6,Adults_Y3,4,0.017391304,90.4
DR,120,+,-,+-,GETR,127,1.354558,30,1.6,Seedlings,6,0.047340108,90.4
DR,120,+,-,+-,GETR,127,1.354558,30,1.6,Adults_Y3,1,0.007890018,90.4
DR,120,+,-,+-,GEVI,36,8.68,30,1.6,Seedlings,10,0.280687843,90.4
DR,120,+,-,+-,GEVI,36,8.68,30,1.6,Adults_Y3,4,0.112275137,90.4
DR,120,+,-,+-,HEVI,5177,0.581626,30,1.6,Seedlings,526,0.101600146,90.4
DR,120,+,-,+-,HEVI,5177,0.581626,30,1.6,Adults_Y3,127,0.024530834,90.4
DR,120,+,-,+-,LIRU,138,31.084,30,1.6,Seedlings,1,0.007246377,90.4
DR,120,+,-,+-,LIRU,138,31.084,30,1.6,Adults_Y3,0,0,90.4
DR,120,+,-,+-,LOTR,37,3.652,30,1.6,Seedlings,6,0.160714286,90.4
DR,120,+,-,+-,LOTR,37,3.652,30,1.6,Adults_Y3,2,0.053571429,90.4
DR,120,+,-,+-,LUSE,78,20.92,30,1.6,Seedlings,2,0.025641026,90.4
DR,120,+,-,+-,LUSE,78,20.92,30,1.6,Adults_Y3,3,0.038461538,90.4
DR,120,+,-,+-,PEPR,926,0.046,30,1.6,Seedlings,0,0,90.4
DR,120,+,-,+-,PEPR,926,0.046,30,1.6,Adults_Y3,0,0,90.4
DR,120,+,-,+-,POGL,12587,0.0956,30,1.6,Seedlings,107,0.008500953,90.4
DR,120,+,-,+-,POGL,12587,0.0956,30,1.6,Adults_Y3,4,0.000317793,90.4
DR,120,+,-,+-,ZIVE,290,1.375,30,1.6,Seedlings,27,0.093052784,90.4
DR,120,+,-,+-,ZIVE,290,1.375,30,1.6,Adults_Y3,0,0,90.4
DR,122,-,-,--,ACMI,1277,0.0884,5,0.2,Seedlings,67,0.052466719,90.4
DR,122,-,-,--,ACMI,1277,0.0884,5,0.2,Adults_Y3,72,0.056382146,90.4
DR,122,-,-,--,ANMI,1244,0.0441,5,0.2,Seedlings,13,0.010446344,90.4
DR,122,-,-,--,ANMI,1244,0.0441,5,0.2,Adults_Y3,4,0.00321426,90.4
DR,122,-,-,--,ARLU,4919,0.14,5,0.2,Seedlings,53,0.010774632,90.4
DR,122,-,-,--,ARLU,4919,0.14,5,0.2,Adults_Y3,2,0.00040659,90.4
DR,122,-,-,--,ARSO,59,0.752,5,0.2,Seedlings,2,0.033730159,90.4
DR,122,-,-,--,ARSO,59,0.752,5,0.2,Adults_Y3,0,0,90.4
DR,122,-,-,--,BASA,150,8.328,5,0.2,Seedlings,3,0.02,90.4
DR,122,-,-,--,BASA,150,8.328,5,0.2,Adults_Y3,2,0.013333333,90.4
DR,122,-,-,--,ERPU,6629,0.0689,5,0.2,Seedlings,157,0.02368428,90.4
DR,122,-,-,--,ERPU,6629,0.0689,5,0.2,Adults_Y3,35,0.005279935,90.4
DR,122,-,-,--,ERUM,494,2.164286,5,0.2,Seedlings,45,0.091152163,90.4
DR,122,-,-,--,ERUM,494,2.164286,5,0.2,Adults_Y3,13,0.026332847,90.4
DR,122,-,-,--,GAAR,230,3.92,5,0.2,Seedlings,15,0.065217391,90.4
DR,122,-,-,--,GAAR,230,3.92,5,0.2,Adults_Y3,4,0.017391304,90.4
DR,122,-,-,--,GETR,127,1.354558,5,0.2,Seedlings,9,0.071010161,90.4
DR,122,-,-,--,GETR,127,1.354558,5,0.2,Adults_Y3,0,0,90.4
DR,122,-,-,--,GEVI,36,8.68,5,0.2,Seedlings,6,0.168412706,90.4
DR,122,-,-,--,GEVI,36,8.68,5,0.2,Adults_Y3,8,0.224550275,90.4
DR,122,-,-,--,HEVI,5177,0.581626,5,0.2,Seedlings,762,0.147185003,90.4
DR,122,-,-,--,HEVI,5177,0.581626,5,0.2,Adults_Y3,277,0.05350426,90.4
DR,122,-,-,--,LIRU,138,31.084,5,0.2,Seedlings,0,0,90.4
DR,122,-,-,--,LIRU,138,31.084,5,0.2,Adults_Y3,0,0,90.4
DR,122,-,-,--,LOTR,37,3.652,5,0.2,Seedlings,5,0.133928571,90.4
DR,122,-,-,--,LOTR,37,3.652,5,0.2,Adults_Y3,0,0,90.4
DR,122,-,-,--,LUSE,78,20.92,5,0.2,Seedlings,4,0.051282051,90.4
DR,122,-,-,--,LUSE,78,20.92,5,0.2,Adults_Y3,1,0.012820513,90.4
DR,122,-,-,--,PEPR,926,0.046,5,0.2,Seedlings,24,0.025908018,90.4
DR,122,-,-,--,PEPR,926,0.046,5,0.2,Adults_Y3,0,0,90.4
DR,122,-,-,--,POGL,12587,0.0956,5,0.2,Seedlings,167,0.013267843,90.4
DR,122,-,-,--,POGL,12587,0.0956,5,0.2,Adults_Y3,29,0.002303997,90.4
DR,122,-,-,--,ZIVE,290,1.375,5,0.2,Seedlings,14,0.048249592,90.4
DR,122,-,-,--,ZIVE,290,1.375,5,0.2,Adults_Y3,0,0,90.4
EL,262,+,+,++,ACMI,1277,0.0884,70,18.33,Seedlings,6,0.004698512,400
EL,262,+,+,++,ACMI,1277,0.0884,70,18.33,Adults_Y3,0,0,400
EL,262,+,+,++,ANMI,1244,0.0441,70,18.33,Seedlings,2,0.00160713,400
EL,262,+,+,++,ANMI,1244,0.0441,70,18.33,Adults_Y3,0,0,400
EL,262,+,+,++,ARLU,4919,0.14,70,18.33,Seedlings,13,0.002642834,400
EL,262,+,+,++,ARLU,4919,0.14,70,18.33,Adults_Y3,0,0,400
EL,262,+,+,++,ARSO,59,0.752,70,18.33,Seedlings,2,0.033730159,400
EL,262,+,+,++,ARSO,59,0.752,70,18.33,Adults_Y3,0,0,400
EL,262,+,+,++,BASA,150,8.328,70,18.33,Seedlings,4,0.026666667,400
EL,262,+,+,++,BASA,150,8.328,70,18.33,Adults_Y3,3,0.02,400
EL,262,+,+,++,ERPU,6629,0.0689,70,18.33,Seedlings,26,0.003922237,400
EL,262,+,+,++,ERPU,6629,0.0689,70,18.33,Adults_Y3,0,0,400
EL,262,+,+,++,ERUM,494,2.164286,70,18.33,Seedlings,112,0.226867607,400
EL,262,+,+,++,ERUM,494,2.164286,70,18.33,Adults_Y3,6,0.012153622,400
EL,262,+,+,++,GAAR,230,3.92,70,18.33,Seedlings,13,0.056521739,400
EL,262,+,+,++,GAAR,230,3.92,70,18.33,Adults_Y3,0,0,400
EL,262,+,+,++,GETR,127,1.354558,70,18.33,Seedlings,1,0.007890018,400
EL,262,+,+,++,GETR,127,1.354558,70,18.33,Adults_Y3,9,0.071010161,400
EL,262,+,+,++,GEVI,36,8.68,70,18.33,Seedlings,9,0.252619059,400
EL,262,+,+,++,GEVI,36,8.68,70,18.33,Adults_Y3,6,0.168412706,400
EL,262,+,+,++,HEVI,5177,0.581626,70,18.33,Seedlings,181,0.034961267,400
EL,262,+,+,++,HEVI,5177,0.581626,70,18.33,Adults_Y3,0,0,400
EL,262,+,+,++,LIRU,138,31.084,70,18.33,Seedlings,15,0.108695652,400
EL,262,+,+,++,LIRU,138,31.084,70,18.33,Adults_Y3,3,0.02173913,400
EL,262,+,+,++,LOTR,37,3.652,70,18.33,Seedlings,1,0.026785714,400
EL,262,+,+,++,LOTR,37,3.652,70,18.33,Adults_Y3,0,0,400
EL,262,+,+,++,LUSE,78,20.92,70,18.33,Seedlings,25,0.320512821,400
EL,262,+,+,++,LUSE,78,20.92,70,18.33,Adults_Y3,8,0.102564103,400
EL,262,+,+,++,PEPR,926,0.046,70,18.33,Seedlings,2,0.002159001,400
EL,262,+,+,++,PEPR,926,0.046,70,18.33,Adults_Y3,0,0,400
EL,262,+,+,++,POGL,12587,0.0956,70,18.33,Seedlings,1,7.94E-05,400
EL,262,+,+,++,POGL,12587,0.0956,70,18.33,Adults_Y3,0,0,400
EL,262,+,+,++,ZIVE,290,1.375,70,18.33,Seedlings,1,0.003446399,400
EL,262,+,+,++,ZIVE,290,1.375,70,18.33,Adults_Y3,0,0,400
EL,264,-,+,-+,ACMI,1277,0.0884,7,18.33,Seedlings,33,0.025841817,400
EL,264,-,+,-+,ACMI,1277,0.0884,7,18.33,Adults_Y3,0,0,400
EL,264,-,+,-+,ANMI,1244,0.0441,7,18.33,Seedlings,4,0.00321426,400
EL,264,-,+,-+,ANMI,1244,0.0441,7,18.33,Adults_Y3,0,0,400
EL,264,-,+,-+,ARLU,4919,0.14,7,18.33,Seedlings,43,0.008741683,400
EL,264,-,+,-+,ARLU,4919,0.14,7,18.33,Adults_Y3,0,0,400
EL,264,-,+,-+,ARSO,59,0.752,7,18.33,Seedlings,0,0,400
EL,264,-,+,-+,ARSO,59,0.752,7,18.33,Adults_Y3,0,0,400
EL,264,-,+,-+,BASA,150,8.328,7,18.33,Seedlings,4,0.026666667,400
EL,264,-,+,-+,BASA,150,8.328,7,18.33,Adults_Y3,0,0,400
EL,264,-,+,-+,ERPU,6629,0.0689,7,18.33,Seedlings,80,0.012068423,400
EL,264,-,+,-+,ERPU,6629,0.0689,7,18.33,Adults_Y3,0,0,400
EL,264,-,+,-+,ERUM,494,2.164286,7,18.33,Seedlings,95,0.192432345,400
EL,264,-,+,-+,ERUM,494,2.164286,7,18.33,Adults_Y3,1,0.002025604,400
EL,264,-,+,-+,GAAR,230,3.92,7,18.33,Seedlings,7,0.030434783,400
EL,264,-,+,-+,GAAR,230,3.92,7,18.33,Adults_Y3,0,0,400
EL,264,-,+,-+,GETR,127,1.354558,7,18.33,Seedlings,4,0.031560072,400
EL,264,-,+,-+,GETR,127,1.354558,7,18.33,Adults_Y3,0,0,400
EL,264,-,+,-+,GEVI,36,8.68,7,18.33,Seedlings,5,0.140343922,400
EL,264,-,+,-+,GEVI,36,8.68,7,18.33,Adults_Y3,0,0,400
EL,264,-,+,-+,HEVI,5177,0.581626,7,18.33,Seedlings,181,0.034961267,400
EL,264,-,+,-+,HEVI,5177,0.581626,7,18.33,Adults_Y3,0,0,400
EL,264,-,+,-+,LIRU,138,31.084,7,18.33,Seedlings,4,0.028985507,400
EL,264,-,+,-+,LIRU,138,31.084,7,18.33,Adults_Y3,0,0,400
EL,264,-,+,-+,LOTR,37,3.652,7,18.33,Seedlings,1,0.026785714,400
EL,264,-,+,-+,LOTR,37,3.652,7,18.33,Adults_Y3,0,0,400
EL,264,-,+,-+,LUSE,78,20.92,7,18.33,Seedlings,10,0.128205128,400
EL,264,-,+,-+,LUSE,78,20.92,7,18.33,Adults_Y3,1,0.012820513,400
EL,264,-,+,-+,PEPR,926,0.046,7,18.33,Seedlings,5,0.005397504,400
EL,264,-,+,-+,PEPR,926,0.046,7,18.33,Adults_Y3,0,0,400
EL,264,-,+,-+,POGL,12587,0.0956,7,18.33,Seedlings,144,0.011440535,400
EL,264,-,+,-+,POGL,12587,0.0956,7,18.33,Adults_Y3,0,0,400
EL,264,-,+,-+,ZIVE,290,1.375,7,18.33,Seedlings,7,0.024124796,400
EL,264,-,+,-+,ZIVE,290,1.375,7,18.33,Adults_Y3,0,0,400
EL,275,-,-,--,ACMI,1277,0.0884,3,13.33,Seedlings,44,0.034455756,400
EL,275,-,-,--,ACMI,1277,0.0884,3,13.33,Adults_Y3,6,0.004698512,400
EL,275,-,-,--,ANMI,1244,0.0441,3,13.33,Seedlings,5,0.004017825,400
EL,275,-,-,--,ANMI,1244,0.0441,3,13.33,Adults_Y3,0,0,400
EL,275,-,-,--,ARLU,4919,0.14,3,13.33,Seedlings,63,0.012807582,400
EL,275,-,-,--,ARLU,4919,0.14,3,13.33,Adults_Y3,4,0.00081318,400
EL,275,-,-,--,ARSO,59,0.752,3,13.33,Seedlings,3,0.050595238,400
EL,275,-,-,--,ARSO,59,0.752,3,13.33,Adults_Y3,1,0.016865079,400
EL,275,-,-,--,BASA,150,8.328,3,13.33,Seedlings,2,0.013333333,400
EL,275,-,-,--,BASA,150,8.328,3,13.33,Adults_Y3,0,0,400
EL,275,-,-,--,ERPU,6629,0.0689,3,13.33,Seedlings,185,0.027908228,400
EL,275,-,-,--,ERPU,6629,0.0689,3,13.33,Adults_Y3,48,0.007241054,400
EL,275,-,-,--,ERUM,494,2.164286,3,13.33,Seedlings,217,0.439555988,400
EL,275,-,-,--,ERUM,494,2.164286,3,13.33,Adults_Y3,98,0.198509156,400
EL,275,-,-,--,GAAR,230,3.92,3,13.33,Seedlings,2,0.008695652,400
EL,275,-,-,--,GAAR,230,3.92,3,13.33,Adults_Y3,1,0.004347826,400
EL,275,-,-,--,GETR,127,1.354558,3,13.33,Seedlings,1,0.007890018,400
EL,275,-,-,--,GETR,127,1.354558,3,13.33,Adults_Y3,0,0,400
EL,275,-,-,--,GEVI,36,8.68,3,13.33,Seedlings,1,0.028068784,400
EL,275,-,-,--,GEVI,36,8.68,3,13.33,Adults_Y3,0,0,400
EL,275,-,-,--,HEVI,5177,0.581626,3,13.33,Seedlings,373,0.072047252,400
EL,275,-,-,--,HEVI,5177,0.581626,3,13.33,Adults_Y3,70,0.013520932,400
EL,275,-,-,--,LIRU,138,31.084,3,13.33,Seedlings,8,0.057971014,400
EL,275,-,-,--,LIRU,138,31.084,3,13.33,Adults_Y3,2,0.014492754,400
EL,275,-,-,--,LOTR,37,3.652,3,13.33,Seedlings,4,0.107142857,400
EL,275,-,-,--,LOTR,37,3.652,3,13.33,Adults_Y3,0,0,400
EL,275,-,-,--,LUSE,78,20.92,3,13.33,Seedlings,11,0.141025641,400
EL,275,-,-,--,LUSE,78,20.92,3,13.33,Adults_Y3,5,0.064102564,400
EL,275,-,-,--,PEPR,926,0.046,3,13.33,Seedlings,9,0.009715507,400
EL,275,-,-,--,PEPR,926,0.046,3,13.33,Adults_Y3,0,0,400
EL,275,-,-,--,POGL,12587,0.0956,3,13.33,Seedlings,159,0.012632258,400
EL,275,-,-,--,POGL,12587,0.0956,3,13.33,Adults_Y3,12,0.000953378,400
EL,275,-,-,--,ZIVE,290,1.375,3,13.33,Seedlings,32,0.110284781,400
EL,275,-,-,--,ZIVE,290,1.375,3,13.33,Adults_Y3,5,0.017231997,400
EL,282,+,-,+-,ACMI,1277,0.0884,70,39.16666667,Seedlings,60,0.046985121,400
EL,282,+,-,+-,ACMI,1277,0.0884,70,39.16666667,Adults_Y3,0,0,400
EL,282,+,-,+-,ANMI,1244,0.0441,70,39.16666667,Seedlings,10,0.008035649,400
EL,282,+,-,+-,ANMI,1244,0.0441,70,39.16666667,Adults_Y3,0,0,400
EL,282,+,-,+-,ARLU,4919,0.14,70,39.16666667,Seedlings,89,0.018093251,400
EL,282,+,-,+-,ARLU,4919,0.14,70,39.16666667,Adults_Y3,0,0,400
EL,282,+,-,+-,ARSO,59,0.752,70,39.16666667,Seedlings,8,0.134920635,400
EL,282,+,-,+-,ARSO,59,0.752,70,39.16666667,Adults_Y3,2,0.033730159,400
EL,282,+,-,+-,BASA,150,8.328,70,39.16666667,Seedlings,9,0.06,400
EL,282,+,-,+-,BASA,150,8.328,70,39.16666667,Adults_Y3,5,0.033333333,400
EL,282,+,-,+-,ERPU,6629,0.0689,70,39.16666667,Seedlings,77,0.011615857,400
EL,282,+,-,+-,ERPU,6629,0.0689,70,39.16666667,Adults_Y3,1,0.000150855,400
EL,282,+,-,+-,ERUM,494,2.164286,70,39.16666667,Seedlings,158,0.320045374,400
EL,282,+,-,+-,ERUM,494,2.164286,70,39.16666667,Adults_Y3,19,0.038486469,400
EL,282,+,-,+-,GAAR,230,3.92,70,39.16666667,Seedlings,2,0.008695652,400
EL,282,+,-,+-,GAAR,230,3.92,70,39.16666667,Adults_Y3,0,0,400
EL,282,+,-,+-,GETR,127,1.354558,70,39.16666667,Seedlings,1,0.007890018,400
EL,282,+,-,+-,GETR,127,1.354558,70,39.16666667,Adults_Y3,0,0,400
EL,282,+,-,+-,GEVI,36,8.68,70,39.16666667,Seedlings,4,0.112275137,400
EL,282,+,-,+-,GEVI,36,8.68,70,39.16666667,Adults_Y3,0,0,400
EL,282,+,-,+-,HEVI,5177,0.581626,70,39.16666667,Seedlings,220,0.042494358,400
EL,282,+,-,+-,HEVI,5177,0.581626,70,39.16666667,Adults_Y3,0,0,400
EL,282,+,-,+-,LIRU,138,31.084,70,39.16666667,Seedlings,10,0.072463768,400
EL,282,+,-,+-,LIRU,138,31.084,70,39.16666667,Adults_Y3,0,0,400
EL,282,+,-,+-,LOTR,37,3.652,70,39.16666667,Seedlings,3,0.080357143,400
EL,282,+,-,+-,LOTR,37,3.652,70,39.16666667,Adults_Y3,0,0,400
EL,282,+,-,+-,LUSE,78,20.92,70,39.16666667,Seedlings,23,0.294871795,400
EL,282,+,-,+-,LUSE,78,20.92,70,39.16666667,Adults_Y3,2,0.025641026,400
EL,282,+,-,+-,PEPR,926,0.046,70,39.16666667,Seedlings,6,0.006477004,400
EL,282,+,-,+-,PEPR,926,0.046,70,39.16666667,Adults_Y3,0,0,400
EL,282,+,-,+-,POGL,12587,0.0956,70,39.16666667,Seedlings,246,0.019544248,400
EL,282,+,-,+-,POGL,12587,0.0956,70,39.16666667,Adults_Y3,0,0,400
EL,282,+,-,+-,ZIVE,290,1.375,70,39.16666667,Seedlings,41,0.141302376,400
EL,282,+,-,+-,ZIVE,290,1.375,70,39.16666667,Adults_Y3,3,0.010339198,400
KL,149,-,+,-+,ACMI,1277,0.0884,25,34,Seedlings,72,0.056382146,270.8
KL,149,-,+,-+,ACMI,1277,0.0884,25,34,Adults_Y3,24,0.018794049,270.8
KL,149,-,+,-+,ANMI,1244,0.0441,25,34,Seedlings,48,0.038571116,270.8
KL,149,-,+,-+,ANMI,1244,0.0441,25,34,Adults_Y3,4,0.00321426,270.8
KL,149,-,+,-+,ARLU,4919,0.14,25,34,Seedlings,85,0.017280071,270.8
KL,149,-,+,-+,ARLU,4919,0.14,25,34,Adults_Y3,10,0.00203295,270.8
KL,149,-,+,-+,ARSO,59,0.752,25,34,Seedlings,12,0.202380952,270.8
KL,149,-,+,-+,ARSO,59,0.752,25,34,Adults_Y3,1,0.016865079,270.8
KL,149,-,+,-+,BASA,150,8.328,25,34,Seedlings,13,0.086666667,270.8
KL,149,-,+,-+,BASA,150,8.328,25,34,Adults_Y3,5,0.033333333,270.8
KL,149,-,+,-+,ERPU,6629,0.0689,25,34,Seedlings,49,0.007391909,270.8
KL,149,-,+,-+,ERPU,6629,0.0689,25,34,Adults_Y3,20,0.003017106,270.8
KL,149,-,+,-+,ERUM,494,2.164286,25,34,Seedlings,260,0.526656944,270.8
KL,149,-,+,-+,ERUM,494,2.164286,25,34,Adults_Y3,106,0.214713985,270.8
KL,149,-,+,-+,GAAR,230,3.92,25,34,Seedlings,39,0.169565217,270.8
KL,149,-,+,-+,GAAR,230,3.92,25,34,Adults_Y3,10,0.043478261,270.8
KL,149,-,+,-+,GETR,127,1.354558,25,34,Seedlings,1,0.007890018,270.8
KL,149,-,+,-+,GETR,127,1.354558,25,34,Adults_Y3,3,0.023670054,270.8
KL,149,-,+,-+,GEVI,36,8.68,25,34,Seedlings,5,0.140343922,270.8
KL,149,-,+,-+,GEVI,36,8.68,25,34,Adults_Y3,4,0.112275137,270.8
KL,149,-,+,-+,HEVI,5177,0.581626,25,34,Seedlings,337,0.06509363,270.8
KL,149,-,+,-+,HEVI,5177,0.581626,25,34,Adults_Y3,54,0.010430433,270.8
KL,149,-,+,-+,LIRU,138,31.084,25,34,Seedlings,20,0.144927536,270.8
KL,149,-,+,-+,LIRU,138,31.084,25,34,Adults_Y3,15,0.108695652,270.8
KL,149,-,+,-+,LOTR,37,3.652,25,34,Seedlings,13,0.348214286,270.8
KL,149,-,+,-+,LOTR,37,3.652,25,34,Adults_Y3,0,0,270.8
KL,149,-,+,-+,LUSE,78,20.92,25,34,Seedlings,54,0.692307692,270.8
KL,149,-,+,-+,LUSE,78,20.92,25,34,Adults_Y3,36,0.461538462,270.8
KL,149,-,+,-+,PEPR,926,0.046,25,34,Seedlings,12,0.012954009,270.8
KL,149,-,+,-+,PEPR,926,0.046,25,34,Adults_Y3,1,0.001079501,270.8
KL,149,-,+,-+,POGL,12587,0.0956,25,34,Seedlings,251,0.019941489,270.8
KL,149,-,+,-+,POGL,12587,0.0956,25,34,Adults_Y3,65,0.005164131,270.8
KL,149,-,+,-+,ZIVE,290,1.375,25,34,Seedlings,101,0.348086341,270.8
KL,149,-,+,-+,ZIVE,290,1.375,25,34,Adults_Y3,10,0.034463994,270.8
KL,154,+,+,++,ACMI,1277,0.0884,50,91,Seedlings,3,0.002349256,270.8
KL,154,+,+,++,ACMI,1277,0.0884,50,91,Adults_Y3,1,0.000783085,270.8
KL,154,+,+,++,ANMI,1244,0.0441,50,91,Seedlings,2,0.00160713,270.8
KL,154,+,+,++,ANMI,1244,0.0441,50,91,Adults_Y3,0,0,270.8
KL,154,+,+,++,ARLU,4919,0.14,50,91,Seedlings,4,0.00081318,270.8
KL,154,+,+,++,ARLU,4919,0.14,50,91,Adults_Y3,1,0.000203295,270.8
KL,154,+,+,++,ARSO,59,0.752,50,91,Seedlings,14,0.236111111,270.8
KL,154,+,+,++,ARSO,59,0.752,50,91,Adults_Y3,3,0.050595238,270.8
KL,154,+,+,++,BASA,150,8.328,50,91,Seedlings,3,0.02,270.8
KL,154,+,+,++,BASA,150,8.328,50,91,Adults_Y3,1,0.006666667,270.8
KL,154,+,+,++,ERPU,6629,0.0689,50,91,Seedlings,18,0.002715395,270.8
KL,154,+,+,++,ERPU,6629,0.0689,50,91,Adults_Y3,0,0,270.8
KL,154,+,+,++,ERUM,494,2.164286,50,91,Seedlings,41,0.083049749,270.8
KL,154,+,+,++,ERUM,494,2.164286,50,91,Adults_Y3,18,0.036460865,270.8
KL,154,+,+,++,GAAR,230,3.92,50,91,Seedlings,1,0.004347826,270.8
KL,154,+,+,++,GAAR,230,3.92,50,91,Adults_Y3,0,0,270.8
KL,154,+,+,++,GETR,127,1.354558,50,91,Seedlings,2,0.015780036,270.8
KL,154,+,+,++,GETR,127,1.354558,50,91,Adults_Y3,1,0.007890018,270.8
KL,154,+,+,++,GEVI,36,8.68,50,91,Seedlings,8,0.224550275,270.8
KL,154,+,+,++,GEVI,36,8.68,50,91,Adults_Y3,3,0.084206353,270.8
KL,154,+,+,++,HEVI,5177,0.581626,50,91,Seedlings,36,0.006953622,270.8
KL,154,+,+,++,HEVI,5177,0.581626,50,91,Adults_Y3,0,0,270.8
KL,154,+,+,++,LIRU,138,31.084,50,91,Seedlings,42,0.304347826,270.8
KL,154,+,+,++,LIRU,138,31.084,50,91,Adults_Y3,26,0.188405797,270.8
KL,154,+,+,++,LOTR,37,3.652,50,91,Seedlings,2,0.053571429,270.8
KL,154,+,+,++,LOTR,37,3.652,50,91,Adults_Y3,0,0,270.8
KL,154,+,+,++,LUSE,78,20.92,50,91,Seedlings,32,0.41025641,270.8
KL,154,+,+,++,LUSE,78,20.92,50,91,Adults_Y3,26,0.333333333,270.8
KL,154,+,+,++,PEPR,926,0.046,50,91,Seedlings,0,0,270.8
KL,154,+,+,++,PEPR,926,0.046,50,91,Adults_Y3,0,0,270.8
KL,154,+,+,++,POGL,12587,0.0956,50,91,Seedlings,1,7.94E-05,270.8
KL,154,+,+,++,POGL,12587,0.0956,50,91,Adults_Y3,1,7.94E-05,270.8
KL,154,+,+,++,ZIVE,290,1.375,50,91,Seedlings,1,0.003446399,270.8
KL,154,+,+,++,ZIVE,290,1.375,50,91,Adults_Y3,3,0.010339198,270.8
KL,162,-,-,--,ACMI,1277,0.0884,10,3.2,Seedlings,51,0.039937353,270.8
KL,162,-,-,--,ACMI,1277,0.0884,10,3.2,Adults_Y3,6,0.004698512,270.8
KL,162,-,-,--,ANMI,1244,0.0441,10,3.2,Seedlings,18,0.014464168,270.8
KL,162,-,-,--,ANMI,1244,0.0441,10,3.2,Adults_Y3,0,0,270.8
KL,162,-,-,--,ARLU,4919,0.14,10,3.2,Seedlings,18,0.003659309,270.8
KL,162,-,-,--,ARLU,4919,0.14,10,3.2,Adults_Y3,0,0,270.8
KL,162,-,-,--,ARSO,59,0.752,10,3.2,Seedlings,5,0.084325397,270.8
KL,162,-,-,--,ARSO,59,0.752,10,3.2,Adults_Y3,1,0.016865079,270.8
KL,162,-,-,--,BASA,150,8.328,10,3.2,Seedlings,16,0.106666667,270.8
KL,162,-,-,--,BASA,150,8.328,10,3.2,Adults_Y3,13,0.086666667,270.8
KL,162,-,-,--,ERPU,6629,0.0689,10,3.2,Seedlings,61,0.009202172,270.8
KL,162,-,-,--,ERPU,6629,0.0689,10,3.2,Adults_Y3,0,0,270.8
KL,162,-,-,--,ERUM,494,2.164286,10,3.2,Seedlings,243,0.492221682,270.8
KL,162,-,-,--,ERUM,494,2.164286,10,3.2,Adults_Y3,108,0.218765192,270.8
KL,162,-,-,--,GAAR,230,3.92,10,3.2,Seedlings,13,0.056521739,270.8
KL,162,-,-,--,GAAR,230,3.92,10,3.2,Adults_Y3,6,0.026086957,270.8
KL,162,-,-,--,GETR,127,1.354558,10,3.2,Seedlings,18,0.142020323,270.8
KL,162,-,-,--,GETR,127,1.354558,10,3.2,Adults_Y3,7,0.055230126,270.8
KL,162,-,-,--,GEVI,36,8.68,10,3.2,Seedlings,3,0.084206353,270.8
KL,162,-,-,--,GEVI,36,8.68,10,3.2,Adults_Y3,2,0.056137569,270.8
KL,162,-,-,--,HEVI,5177,0.581626,10,3.2,Seedlings,366,0.070695159,270.8
KL,162,-,-,--,HEVI,5177,0.581626,10,3.2,Adults_Y3,0,0,270.8
KL,162,-,-,--,LIRU,138,31.084,10,3.2,Seedlings,70,0.507246377,270.8
KL,162,-,-,--,LIRU,138,31.084,10,3.2,Adults_Y3,51,0.369565217,270.8
KL,162,-,-,--,LOTR,37,3.652,10,3.2,Seedlings,5,0.133928571,270.8
KL,162,-,-,--,LOTR,37,3.652,10,3.2,Adults_Y3,5,0.133928571,270.8
KL,162,-,-,--,LUSE,78,20.92,10,3.2,Seedlings,67,0.858974359,270.8
KL,162,-,-,--,LUSE,78,20.92,10,3.2,Adults_Y3,29,0.371794872,270.8
KL,162,-,-,--,PEPR,926,0.046,10,3.2,Seedlings,8,0.008636006,270.8
KL,162,-,-,--,PEPR,926,0.046,10,3.2,Adults_Y3,2,0.002159001,270.8
KL,162,-,-,--,POGL,12587,0.0956,10,3.2,Seedlings,212,0.01684301,270.8
KL,162,-,-,--,POGL,12587,0.0956,10,3.2,Adults_Y3,9,0.000715033,270.8
KL,162,-,-,--,ZIVE,290,1.375,10,3.2,Seedlings,48,0.165427172,270.8
KL,162,-,-,--,ZIVE,290,1.375,10,3.2,Adults_Y3,52,0.17921277,270.8
KL,166,+,-,+-,ACMI,1277,0.0884,60,68,Seedlings,14,0.010963195,270.8
KL,166,+,-,+-,ACMI,1277,0.0884,60,68,Adults_Y3,0,0,270.8
KL,166,+,-,+-,ANMI,1244,0.0441,60,68,Seedlings,16,0.012857039,270.8
KL,166,+,-,+-,ANMI,1244,0.0441,60,68,Adults_Y3,1,0.000803565,270.8
KL,166,+,-,+-,ARLU,4919,0.14,60,68,Seedlings,16,0.003252719,270.8
KL,166,+,-,+-,ARLU,4919,0.14,60,68,Adults_Y3,0,0,270.8
KL,166,+,-,+-,ARSO,59,0.752,60,68,Seedlings,2,0.033730159,270.8
KL,166,+,-,+-,ARSO,59,0.752,60,68,Adults_Y3,0,0,270.8
KL,166,+,-,+-,BASA,150,8.328,60,68,Seedlings,25,0.166666667,270.8
KL,166,+,-,+-,BASA,150,8.328,60,68,Adults_Y3,18,0.12,270.8
KL,166,+,-,+-,ERPU,6629,0.0689,60,68,Seedlings,29,0.004374803,270.8
KL,166,+,-,+-,ERPU,6629,0.0689,60,68,Adults_Y3,0,0,270.8
KL,166,+,-,+-,ERUM,494,2.164286,60,68,Seedlings,193,0.390941501,270.8
KL,166,+,-,+-,ERUM,494,2.164286,60,68,Adults_Y3,50,0.101280181,270.8
KL,166,+,-,+-,GAAR,230,3.92,60,68,Seedlings,5,0.02173913,270.8
KL,166,+,-,+-,GAAR,230,3.92,60,68,Adults_Y3,1,0.004347826,270.8
KL,166,+,-,+-,GETR,127,1.354558,60,68,Seedlings,15,0.118350269,270.8
KL,166,+,-,+-,GETR,127,1.354558,60,68,Adults_Y3,0,0,270.8
KL,166,+,-,+-,GEVI,36,8.68,60,68,Seedlings,5,0.140343922,270.8
KL,166,+,-,+-,GEVI,36,8.68,60,68,Adults_Y3,2,0.056137569,270.8
KL,166,+,-,+-,HEVI,5177,0.581626,60,68,Seedlings,204,0.039403859,270.8
KL,166,+,-,+-,HEVI,5177,0.581626,60,68,Adults_Y3,0,0,270.8
KL,166,+,-,+-,LIRU,138,31.084,60,68,Seedlings,23,0.166666667,270.8
KL,166,+,-,+-,LIRU,138,31.084,60,68,Adults_Y3,25,0.18115942,270.8
KL,166,+,-,+-,LOTR,37,3.652,60,68,Seedlings,6,0.160714286,270.8
KL,166,+,-,+-,LOTR,37,3.652,60,68,Adults_Y3,1,0.026785714,270.8
KL,166,+,-,+-,LUSE,78,20.92,60,68,Seedlings,62,0.794871795,270.8
KL,166,+,-,+-,LUSE,78,20.92,60,68,Adults_Y3,13,0.166666667,270.8
KL,166,+,-,+-,PEPR,926,0.046,60,68,Seedlings,2,0.002159001,270.8
KL,166,+,-,+-,PEPR,926,0.046,60,68,Adults_Y3,0,0,270.8
KL,166,+,-,+-,POGL,12587,0.0956,60,68,Seedlings,66,0.005243579,270.8
KL,166,+,-,+-,POGL,12587,0.0956,60,68,Adults_Y3,1,7.94E-05,270.8
KL,166,+,-,+-,ZIVE,290,1.375,60,68,Seedlings,94,0.323961545,270.8
KL,166,+,-,+-,ZIVE,290,1.375,60,68,Adults_Y3,21,0.072374388,270.8
PE,170,-,+,-+,ACMI,1277,0.0884,9,13.16666667,Seedlings,19,0.014878622,224
PE,170,-,+,-+,ACMI,1277,0.0884,9,13.16666667,Adults_Y3,5,0.003915427,224
PE,170,-,+,-+,ANMI,1244,0.0441,9,13.16666667,Seedlings,3,0.002410695,224
PE,170,-,+,-+,ANMI,1244,0.0441,9,13.16666667,Adults_Y3,0,0,224
PE,170,-,+,-+,ARLU,4919,0.14,9,13.16666667,Seedlings,1,0.000203295,224
PE,170,-,+,-+,ARLU,4919,0.14,9,13.16666667,Adults_Y3,0,0,224
PE,170,-,+,-+,ARSO,59,0.752,9,13.16666667,Seedlings,2,0.033730159,224
PE,170,-,+,-+,ARSO,59,0.752,9,13.16666667,Adults_Y3,3,0.050595238,224
PE,170,-,+,-+,BASA,150,8.328,9,13.16666667,Seedlings,5,0.033333333,224
PE,170,-,+,-+,BASA,150,8.328,9,13.16666667,Adults_Y3,1,0.006666667,224
PE,170,-,+,-+,ERPU,6629,0.0689,9,13.16666667,Seedlings,6,0.000905132,224
PE,170,-,+,-+,ERPU,6629,0.0689,9,13.16666667,Adults_Y3,1,0.000150855,224
PE,170,-,+,-+,ERUM,494,2.164286,9,13.16666667,Seedlings,48,0.097228974,224
PE,170,-,+,-+,ERUM,494,2.164286,9,13.16666667,Adults_Y3,18,0.036460865,224
PE,170,-,+,-+,GAAR,230,3.92,9,13.16666667,Seedlings,1,0.004347826,224
PE,170,-,+,-+,GAAR,230,3.92,9,13.16666667,Adults_Y3,1,0.004347826,224
PE,170,-,+,-+,GETR,127,1.354558,9,13.16666667,Seedlings,2,0.015780036,224
PE,170,-,+,-+,GETR,127,1.354558,9,13.16666667,Adults_Y3,0,0,224
PE,170,-,+,-+,GEVI,36,8.68,9,13.16666667,Seedlings,1,0.028068784,224
PE,170,-,+,-+,GEVI,36,8.68,9,13.16666667,Adults_Y3,2,0.056137569,224
PE,170,-,+,-+,HEVI,5177,0.581626,9,13.16666667,Seedlings,16,0.003090499,224
PE,170,-,+,-+,HEVI,5177,0.581626,9,13.16666667,Adults_Y3,7,0.001352093,224
PE,170,-,+,-+,LIRU,138,31.084,9,13.16666667,Seedlings,8,0.057971014,224
PE,170,-,+,-+,LIRU,138,31.084,9,13.16666667,Adults_Y3,4,0.028985507,224
PE,170,-,+,-+,LOTR,37,3.652,9,13.16666667,Seedlings,2,0.053571429,224
PE,170,-,+,-+,LOTR,37,3.652,9,13.16666667,Adults_Y3,0,0,224
PE,170,-,+,-+,LUSE,78,20.92,9,13.16666667,Seedlings,7,0.08974359,224
PE,170,-,+,-+,LUSE,78,20.92,9,13.16666667,Adults_Y3,2,0.025641026,224
PE,170,-,+,-+,PEPR,926,0.046,9,13.16666667,Seedlings,2,0.002159001,224
PE,170,-,+,-+,PEPR,926,0.046,9,13.16666667,Adults_Y3,1,0.001079501,224
PE,170,-,+,-+,POGL,12587,0.0956,9,13.16666667,Seedlings,13,0.001032826,224
PE,170,-,+,-+,POGL,12587,0.0956,9,13.16666667,Adults_Y3,1,7.94E-05,224
PE,170,-,+,-+,ZIVE,290,1.375,9,13.16666667,Seedlings,89,0.306729548,224
PE,170,-,+,-+,ZIVE,290,1.375,9,13.16666667,Adults_Y3,52,0.17921277,224
PE,177,+,+,++,ACMI,1277,0.0884,45,10.58333333,Seedlings,10,0.007830854,224
PE,177,+,+,++,ACMI,1277,0.0884,45,10.58333333,Adults_Y3,2,0.001566171,224
PE,177,+,+,++,ANMI,1244,0.0441,45,10.58333333,Seedlings,3,0.002410695,224
PE,177,+,+,++,ANMI,1244,0.0441,45,10.58333333,Adults_Y3,1,0.000803565,224
PE,177,+,+,++,ARLU,4919,0.14,45,10.58333333,Seedlings,8,0.00162636,224
PE,177,+,+,++,ARLU,4919,0.14,45,10.58333333,Adults_Y3,0,0,224
PE,177,+,+,++,ARSO,59,0.752,45,10.58333333,Seedlings,0,0,224
PE,177,+,+,++,ARSO,59,0.752,45,10.58333333,Adults_Y3,0,0,224
PE,177,+,+,++,BASA,150,8.328,45,10.58333333,Seedlings,1,0.006666667,224
PE,177,+,+,++,BASA,150,8.328,45,10.58333333,Adults_Y3,1,0.006666667,224
PE,177,+,+,++,ERPU,6629,0.0689,45,10.58333333,Seedlings,1,0.000150855,224
PE,177,+,+,++,ERPU,6629,0.0689,45,10.58333333,Adults_Y3,0,0,224
PE,177,+,+,++,ERUM,494,2.164286,45,10.58333333,Seedlings,29,0.058742505,224
PE,177,+,+,++,ERUM,494,2.164286,45,10.58333333,Adults_Y3,2,0.004051207,224
PE,177,+,+,++,GAAR,230,3.92,45,10.58333333,Seedlings,4,0.017391304,224
PE,177,+,+,++,GAAR,230,3.92,45,10.58333333,Adults_Y3,0,0,224
PE,177,+,+,++,GETR,127,1.354558,45,10.58333333,Seedlings,0,0,224
PE,177,+,+,++,GETR,127,1.354558,45,10.58333333,Adults_Y3,0,0,224
PE,177,+,+,++,GEVI,36,8.68,45,10.58333333,Seedlings,0,0,224
PE,177,+,+,++,GEVI,36,8.68,45,10.58333333,Adults_Y3,0,0,224
PE,177,+,+,++,HEVI,5177,0.581626,45,10.58333333,Seedlings,56,0.010816746,224
PE,177,+,+,++,HEVI,5177,0.581626,45,10.58333333,Adults_Y3,3,0.000579469,224
PE,177,+,+,++,LIRU,138,31.084,45,10.58333333,Seedlings,0,0,224
PE,177,+,+,++,LIRU,138,31.084,45,10.58333333,Adults_Y3,0,0,224
PE,177,+,+,++,LOTR,37,3.652,45,10.58333333,Seedlings,8,0.214285714,224
PE,177,+,+,++,LOTR,37,3.652,45,10.58333333,Adults_Y3,2,0.053571429,224
PE,177,+,+,++,LUSE,78,20.92,45,10.58333333,Seedlings,0,0,224
PE,177,+,+,++,LUSE,78,20.92,45,10.58333333,Adults_Y3,1,0.012820513,224
PE,177,+,+,++,PEPR,926,0.046,45,10.58333333,Seedlings,0,0,224
PE,177,+,+,++,PEPR,926,0.046,45,10.58333333,Adults_Y3,0,0,224
PE,177,+,+,++,POGL,12587,0.0956,45,10.58333333,Seedlings,37,0.002939582,224
PE,177,+,+,++,POGL,12587,0.0956,45,10.58333333,Adults_Y3,0,0,224
PE,177,+,+,++,ZIVE,290,1.375,45,10.58333333,Seedlings,50,0.172319971,224
PE,177,+,+,++,ZIVE,290,1.375,45,10.58333333,Adults_Y3,57,0.196444767,224
PE,185,+,-,+-,ACMI,1277,0.0884,70,36.25,Seedlings,10,0.007830854,224
PE,185,+,-,+-,ACMI,1277,0.0884,70,36.25,Adults_Y3,1,0.000783085,224
PE,185,+,-,+-,ANMI,1244,0.0441,70,36.25,Seedlings,1,0.000803565,224
PE,185,+,-,+-,ANMI,1244,0.0441,70,36.25,Adults_Y3,0,0,224
PE,185,+,-,+-,ARLU,4919,0.14,70,36.25,Seedlings,0,0,224
PE,185,+,-,+-,ARLU,4919,0.14,70,36.25,Adults_Y3,0,0,224
PE,185,+,-,+-,ARSO,59,0.752,70,36.25,Seedlings,1,0.016865079,224
PE,185,+,-,+-,ARSO,59,0.752,70,36.25,Adults_Y3,0,0,224
PE,185,+,-,+-,BASA,150,8.328,70,36.25,Seedlings,13,0.086666667,224
PE,185,+,-,+-,BASA,150,8.328,70,36.25,Adults_Y3,16,0.106666667,224
PE,185,+,-,+-,ERPU,6629,0.0689,70,36.25,Seedlings,0,0,224
PE,185,+,-,+-,ERPU,6629,0.0689,70,36.25,Adults_Y3,1,0.000150855,224
PE,185,+,-,+-,ERUM,494,2.164286,70,36.25,Seedlings,97,0.196483552,224
PE,185,+,-,+-,ERUM,494,2.164286,70,36.25,Adults_Y3,11,0.02228164,224
PE,185,+,-,+-,GAAR,230,3.92,70,36.25,Seedlings,48,0.208695652,224
PE,185,+,-,+-,GAAR,230,3.92,70,36.25,Adults_Y3,5,0.02173913,224
PE,185,+,-,+-,GETR,127,1.354558,70,36.25,Seedlings,6,0.047340108,224
PE,185,+,-,+-,GETR,127,1.354558,70,36.25,Adults_Y3,1,0.007890018,224
PE,185,+,-,+-,GEVI,36,8.68,70,36.25,Seedlings,4,0.112275137,224
PE,185,+,-,+-,GEVI,36,8.68,70,36.25,Adults_Y3,0,0,224
PE,185,+,-,+-,HEVI,5177,0.581626,70,36.25,Seedlings,106,0.020474554,224
PE,185,+,-,+-,HEVI,5177,0.581626,70,36.25,Adults_Y3,0,0,224
PE,185,+,-,+-,LIRU,138,31.084,70,36.25,Seedlings,33,0.239130435,224
PE,185,+,-,+-,LIRU,138,31.084,70,36.25,Adults_Y3,14,0.101449275,224
PE,185,+,-,+-,LOTR,37,3.652,70,36.25,Seedlings,3,0.080357143,224
PE,185,+,-,+-,LOTR,37,3.652,70,36.25,Adults_Y3,3,0.080357143,224
PE,185,+,-,+-,LUSE,78,20.92,70,36.25,Seedlings,26,0.333333333,224
PE,185,+,-,+-,LUSE,78,20.92,70,36.25,Adults_Y3,9,0.115384615,224
PE,185,+,-,+-,PEPR,926,0.046,70,36.25,Seedlings,0,0,224
PE,185,+,-,+-,PEPR,926,0.046,70,36.25,Adults_Y3,0,0,224
PE,185,+,-,+-,POGL,12587,0.0956,70,36.25,Seedlings,32,0.002542341,224
PE,185,+,-,+-,POGL,12587,0.0956,70,36.25,Adults_Y3,1,7.94E-05,224
PE,185,+,-,+-,ZIVE,290,1.375,70,36.25,Seedlings,47,0.161980773,224
PE,185,+,-,+-,ZIVE,290,1.375,70,36.25,Adults_Y3,80,0.275711954,224
PE,191,-,-,--,ACMI,1277,0.0884,10,2.666666667,Seedlings,18,0.014095536,224
PE,191,-,-,--,ACMI,1277,0.0884,10,2.666666667,Adults_Y3,2,0.001566171,224
PE,191,-,-,--,ANMI,1244,0.0441,10,2.666666667,Seedlings,3,0.002410695,224
PE,191,-,-,--,ANMI,1244,0.0441,10,2.666666667,Adults_Y3,0,0,224
PE,191,-,-,--,ARLU,4919,0.14,10,2.666666667,Seedlings,0,0,224
PE,191,-,-,--,ARLU,4919,0.14,10,2.666666667,Adults_Y3,1,0.000203295,224
PE,191,-,-,--,ARSO,59,0.752,10,2.666666667,Seedlings,1,0.016865079,224
PE,191,-,-,--,ARSO,59,0.752,10,2.666666667,Adults_Y3,0,0,224
PE,191,-,-,--,BASA,150,8.328,10,2.666666667,Seedlings,11,0.073333333,224
PE,191,-,-,--,BASA,150,8.328,10,2.666666667,Adults_Y3,8,0.053333333,224
PE,191,-,-,--,ERPU,6629,0.0689,10,2.666666667,Seedlings,26,0.003922237,224
PE,191,-,-,--,ERPU,6629,0.0689,10,2.666666667,Adults_Y3,4,0.000603421,224
PE,191,-,-,--,ERUM,494,2.164286,10,2.666666667,Seedlings,109,0.220790796,224
PE,191,-,-,--,ERUM,494,2.164286,10,2.666666667,Adults_Y3,37,0.074947334,224
PE,191,-,-,--,GAAR,230,3.92,10,2.666666667,Seedlings,10,0.043478261,224
PE,191,-,-,--,GAAR,230,3.92,10,2.666666667,Adults_Y3,6,0.026086957,224
PE,191,-,-,--,GETR,127,1.354558,10,2.666666667,Seedlings,3,0.023670054,224
PE,191,-,-,--,GETR,127,1.354558,10,2.666666667,Adults_Y3,0,0,224
PE,191,-,-,--,GEVI,36,8.68,10,2.666666667,Seedlings,4,0.112275137,224
PE,191,-,-,--,GEVI,36,8.68,10,2.666666667,Adults_Y3,2,0.056137569,224
PE,191,-,-,--,HEVI,5177,0.581626,10,2.666666667,Seedlings,58,0.011203058,224
PE,191,-,-,--,HEVI,5177,0.581626,10,2.666666667,Adults_Y3,6,0.001158937,224
PE,191,-,-,--,LIRU,138,31.084,10,2.666666667,Seedlings,25,0.18115942,224
PE,191,-,-,--,LIRU,138,31.084,10,2.666666667,Adults_Y3,19,0.137681159,224
PE,191,-,-,--,LOTR,37,3.652,10,2.666666667,Seedlings,12,0.321428571,224
PE,191,-,-,--,LOTR,37,3.652,10,2.666666667,Adults_Y3,4,0.107142857,224
PE,191,-,-,--,LUSE,78,20.92,10,2.666666667,Seedlings,8,0.102564103,224
PE,191,-,-,--,LUSE,78,20.92,10,2.666666667,Adults_Y3,9,0.115384615,224
PE,191,-,-,--,PEPR,926,0.046,10,2.666666667,Seedlings,6,0.006477004,224
PE,191,-,-,--,PEPR,926,0.046,10,2.666666667,Adults_Y3,0,0,224
PE,191,-,-,--,POGL,12587,0.0956,10,2.666666667,Seedlings,44,0.003495719,224
PE,191,-,-,--,POGL,12587,0.0956,10,2.666666667,Adults_Y3,1,7.94E-05,224
PE,191,-,-,--,ZIVE,290,1.375,10,2.666666667,Seedlings,62,0.213676764,224
PE,191,-,-,--,ZIVE,290,1.375,10,2.666666667,Adults_Y3,34,0.11717758,224
